id,weight:float,answer:direction,timeStamp:DateTime,position:vector2,headDirection:vector3,DistanceToWalls:floatList,Score:float,myPartsNodes:vector2List,otherSnakePartsNode:vector2List,levelScore:float,fruitPos:vector2,inTrackToCollide:bool
0,1,left,27/08/2025 18:39:13,0/0,-1/0/0,0 0 29 18,10,26/9 27/9 28/9,3/9 2/9 1/9,0,22/10,True
1,1,left,27/08/2025 18:39:14,25/9,-1/0/0,25 9 4 9,10,25/9 26/9 27/9,4/9 3/9 2/9,0,22/10,False
2,1,left,27/08/2025 18:39:14,24/9,-1/0/0,24 9 5 9,10,24/9 25/9 26/9,5/9 4/9 3/9,0,22/10,False
3,1,left,27/08/2025 18:39:14,23/9,-1/0/0,23 9 6 9,10,23/9 24/9 25/9,6/9 5/9 4/9,0,22/10,False
4,1,left,27/08/2025 18:39:15,22/9,-1/0/0,22 9 7 9,10,22/9 23/9 24/9,7/9 6/9 5/9,0,22/10,False
5,1,left,27/08/2025 18:39:15,21/9,-1/0/0,21 9 8 9,10,21/9 22/9 23/9,8/9 7/9 6/9,0,22/10,False
6,1,left,27/08/2025 18:39:15,20/9,-1/0/0,20 9 9 9,10,20/9 21/9 22/9,9/9 8/9 7/9,0,22/10,False
7,1,down,27/08/2025 18:39:15,19/9,-1/0/0,19 9 10 9,10,19/9 20/9 21/9,10/9 9/9 8/9,0,22/10,False
8,1,down,27/08/2025 18:39:15,19/10,0/0/-1,19 10 10 8,10,19/10 19/9 20/9,11/9 10/9 9/9,0,22/10,False
9,1,right,27/08/2025 18:39:16,19/11,0/0/-1,19 11 10 7,10,19/11 19/10 19/9,12/9 11/9 10/9,0,22/10,False
10,1,right,27/08/2025 18:39:16,20/11,1/0/0,20 11 9 7,10,20/11 19/11 19/10,13/9 12/9 11/9,0,22/10,False
11,1,right,27/08/2025 18:39:16,21/11,1/0/0,21 11 8 7,10,21/11 20/11 19/11,14/9 13/9 12/9,0,22/10,False
12,1,up,27/08/2025 18:39:16,22/11,1/0/0,22 11 7 7,10,22/11 21/11 20/11,15/9 14/9 13/9,0,22/10,False
13,1,up,27/08/2025 18:39:16,22/10,0/0/1,22 10 7 8,10,22/10 22/11,16/9 15/9 14/9,100,13/8,False
14,1,up,27/08/2025 18:39:17,22/9,0/0/1,22 9 7 9,10,22/9 22/10 22/11 21/11,17/9 16/9 15/9,100,13/8,False
15,1,up,27/08/2025 18:39:17,22/8,0/0/1,22 8 7 10,10,22/8 22/9 22/10 22/11,17/8 17/9 16/9,100,13/8,False
16,1,up,27/08/2025 18:39:17,22/7,0/0/1,22 7 7 11,10,22/7 22/8 22/9 22/10,17/7 17/8 17/9,100,13/8,False
17,1,up,27/08/2025 18:39:17,22/6,0/0/1,22 6 7 12,10,22/6 22/7 22/8 22/9,16/7 17/7 17/8,100,13/8,False
18,1,up,27/08/2025 18:39:17,22/5,0/0/1,22 5 7 13,10,22/5 22/6 22/7 22/8,15/7 16/7 17/7,100,13/8,True
19,1,up,27/08/2025 18:39:18,22/4,0/0/1,22 4 7 14,10,22/4 22/5 22/6 22/7,14/7 15/7 16/7,100,13/8,True
20,1,left,27/08/2025 18:39:18,22/3,0/0/1,22 3 7 15,10,22/3 22/4 22/5 22/6,13/7 14/7 15/7,100,13/8,True
21,1,left,27/08/2025 18:39:18,21/3,-1/0/0,21 3 8 15,10,21/3 22/3 22/4 22/5,13/8 13/7,100,11/8,False
22,1,left,27/08/2025 18:39:18,20/3,-1/0/0,20 3 9 15,10,20/3 21/3 22/3 22/4,13/9 13/8 13/7 14/7,100,11/8,False
23,1,left,27/08/2025 18:39:18,19/3,-1/0/0,19 3 10 15,10,19/3 20/3 21/3 22/3,13/10 13/9 13/8 13/7,100,11/8,False
24,1,left,27/08/2025 18:39:19,18/3,-1/0/0,18 3 11 15,10,18/3 19/3 20/3 21/3,13/11 13/10 13/9 13/8,100,11/8,False
25,1,left,27/08/2025 18:39:19,17/3,-1/0/0,17 3 12 15,10,17/3 18/3 19/3 20/3,12/11 13/11 13/10 13/9,100,11/8,False
26,1,left,27/08/2025 18:39:19,16/3,-1/0/0,16 3 13 15,10,16/3 17/3 18/3 19/3,11/11 12/11 13/11 13/10,100,11/8,False
27,1,left,27/08/2025 18:39:19,15/3,-1/0/0,15 3 14 15,10,15/3 16/3 17/3 18/3,10/11 11/11 12/11 13/11,100,11/8,False
28,1,left,27/08/2025 18:39:19,14/3,-1/0/0,14 3 15 15,10,14/3 15/3 16/3 17/3,10/10 10/11 11/11 12/11,100,11/8,False
29,1,left,27/08/2025 18:39:20,13/3,-1/0/0,13 3 16 15,10,13/3 14/3 15/3 16/3,10/9 10/10 10/11 11/11,100,11/8,False
30,1,left,27/08/2025 18:39:20,12/3,-1/0/0,12 3 17 15,10,12/3 13/3 14/3 15/3,10/8 10/9 10/10 10/11,100,11/8,False
31,1,left,27/08/2025 18:39:20,11/3,-1/0/0,11 3 18 15,10,11/3 12/3 13/3 14/3,11/8 10/8 10/9,100,21/9,False
32,1,left,27/08/2025 18:39:20,10/3,-1/0/0,10 3 19 15,10,10/3 11/3 12/3 13/3,12/8 11/8 10/8 10/9 10/10,100,21/9,False
33,1,left,27/08/2025 18:39:20,9/3,-1/0/0,9 3 20 15,10,9/3 10/3 11/3 12/3,13/8 12/8 11/8 10/8 10/9,100,21/9,False
34,1,down,27/08/2025 18:39:21,8/3,-1/0/0,8 3 21 15,10,8/3 9/3 10/3 11/3,14/8 13/8 12/8 11/8 10/8,100,21/9,False
35,1,down,27/08/2025 18:39:21,8/4,0/0/-1,8 4 21 14,10,8/4 8/3 9/3 10/3,15/8 14/8 13/8 12/8 11/8,100,21/9,False
36,1,down,27/08/2025 18:39:21,8/5,0/0/-1,8 5 21 13,10,8/5 8/4 8/3 9/3,16/8 15/8 14/8 13/8 12/8,100,21/9,False
37,1,down,27/08/2025 18:39:21,8/6,0/0/-1,8 6 21 12,10,8/6 8/5 8/4 8/3,17/8 16/8 15/8 14/8 13/8,100,21/9,False
38,1,down,27/08/2025 18:39:21,8/7,0/0/-1,8 7 21 11,10,8/7 8/6 8/5 8/4,18/8 17/8 16/8 15/8 14/8,100,21/9,False
39,1,down,27/08/2025 18:39:22,8/8,0/0/-1,8 8 21 10,10,8/8 8/7 8/6 8/5,19/8 18/8 17/8 16/8 15/8,100,21/9,False
40,1,down,27/08/2025 18:39:22,8/9,0/0/-1,8 9 21 9,10,8/9 8/8 8/7 8/6,20/8 19/8 18/8 17/8 16/8,100,21/9,False
41,1,down,27/08/2025 18:39:22,8/10,0/0/-1,8 10 21 8,10,8/10 8/9 8/8 8/7,21/8 20/8 19/8 18/8 17/8,100,21/9,False
42,1,down,27/08/2025 18:39:22,8/11,0/0/-1,8 11 21 7,10,8/11 8/10 8/9 8/8,21/9 21/8 20/8 19/8,100,6/8,False
43,1,down,27/08/2025 18:39:22,8/12,0/0/-1,8 12 21 6,10,8/12 8/11 8/10 8/9,21/10 21/9 21/8 20/8 19/8 18/8,100,6/8,False
44,1,down,27/08/2025 18:39:23,8/13,0/0/-1,8 13 21 5,10,8/13 8/12 8/11 8/10,22/10 21/10 21/9 21/8 20/8 19/8,100,6/8,True
45,1,down,27/08/2025 18:39:23,8/14,0/0/-1,8 14 21 4,10,8/14 8/13 8/12 8/11,23/10 22/10 21/10 21/9 21/8 20/8,100,6/8,True
46,1,down,27/08/2025 18:39:23,8/15,0/0/-1,8 15 21 3,10,8/15 8/14 8/13 8/12,23/9 23/10 22/10 21/10 21/9 21/8,100,6/8,True
47,1,right,27/08/2025 18:39:23,8/16,0/0/-1,8 16 21 2,10,8/16 8/15 8/14 8/13,23/8 23/9 23/10 22/10 21/10 21/9,100,6/8,True
48,1,right,27/08/2025 18:39:23,9/16,1/0/0,9 16 20 2,10,9/16 8/16 8/15 8/14,23/7 23/8 23/9 23/10 22/10 21/10,100,6/8,False
49,1,right,27/08/2025 18:39:24,10/16,1/0/0,10 16 19 2,10,10/16 9/16 8/16 8/15,23/6 23/7 23/8 23/9 23/10 22/10,100,6/8,False
50,1,right,27/08/2025 18:39:24,11/16,1/0/0,11 16 18 2,10,11/16 10/16 9/16 8/16,23/5 23/6 23/7 23/8 23/9 23/10,100,6/8,False
51,1,right,27/08/2025 18:39:24,12/16,1/0/0,12 16 17 2,10,12/16 11/16 10/16 9/16,23/4 23/5 23/6 23/7 23/8 23/9,100,6/8,False
52,1,right,27/08/2025 18:39:24,13/16,1/0/0,13 16 16 2,10,13/16 12/16 11/16 10/16,22/4 23/4 23/5 23/6 23/7 23/8,100,6/8,False
53,1,right,27/08/2025 18:39:24,14/16,1/0/0,14 16 15 2,10,14/16 13/16 12/16 11/16,21/4 22/4 23/4 23/5 23/6 23/7,100,6/8,False
54,1,right,27/08/2025 18:39:25,15/16,1/0/0,15 16 14 2,10,15/16 14/16 13/16 12/16,20/4 21/4 22/4 23/4 23/5 23/6,100,6/8,False
55,1,right,27/08/2025 18:39:25,16/16,1/0/0,16 16 13 2,10,16/16 15/16 14/16 13/16,19/4 20/4 21/4 22/4 23/4 23/5,100,6/8,False
56,1,right,27/08/2025 18:39:25,17/16,1/0/0,17 16 12 2,10,17/16 16/16 15/16 14/16,18/4 19/4 20/4 21/4 22/4 23/4,100,6/8,False
57,1,right,27/08/2025 18:39:25,18/16,1/0/0,18 16 11 2,10,18/16 17/16 16/16 15/16,17/4 18/4 19/4 20/4 21/4 22/4,100,6/8,False
58,1,right,27/08/2025 18:39:25,19/16,1/0/0,19 16 10 2,10,19/16 18/16 17/16 16/16,16/4 17/4 18/4 19/4 20/4 21/4,100,6/8,False
59,1,up,27/08/2025 18:39:26,20/16,1/0/0,20 16 9 2,10,20/16 19/16 18/16 17/16,15/4 16/4 17/4 18/4 19/4 20/4,100,6/8,False
60,1,up,27/08/2025 18:39:26,20/15,0/0/1,20 15 9 3,10,20/15 20/16 19/16 18/16,14/4 15/4 16/4 17/4 18/4 19/4,100,6/8,False
61,1,up,27/08/2025 18:39:26,20/14,0/0/1,20 14 9 4,10,20/14 20/15 20/16 19/16,13/4 14/4 15/4 16/4 17/4 18/4,100,6/8,False
62,1,up,27/08/2025 18:39:26,20/13,0/0/1,20 13 9 5,10,20/13 20/14 20/15 20/16,12/4 13/4 14/4 15/4 16/4 17/4,100,6/8,False
63,1,up,27/08/2025 18:39:26,20/12,0/0/1,20 12 9 6,10,20/12 20/13 20/14 20/15,11/4 12/4 13/4 14/4 15/4 16/4,100,6/8,False
64,1,up,27/08/2025 18:39:27,20/11,0/0/1,20 11 9 7,10,20/11 20/12 20/13 20/14,10/4 11/4 12/4 13/4 14/4 15/4,100,6/8,False
65,1,up,27/08/2025 18:39:27,20/10,0/0/1,20 10 9 8,10,20/10 20/11 20/12 20/13,9/4 10/4 11/4 12/4 13/4 14/4,100,6/8,False
66,1,up,27/08/2025 18:39:27,20/9,0/0/1,20 9 9 9,10,20/9 20/10 20/11 20/12,8/4 9/4 10/4 11/4 12/4 13/4,100,6/8,False
67,1,up,27/08/2025 18:39:27,20/8,0/0/1,20 8 9 10,10,20/8 20/9 20/10 20/11,7/4 8/4 9/4 10/4 11/4 12/4,100,6/8,False
68,1,up,27/08/2025 18:39:27,20/7,0/0/1,20 7 9 11,10,20/7 20/8 20/9 20/10,6/4 7/4 8/4 9/4 10/4 11/4,100,6/8,False
69,1,up,27/08/2025 18:39:28,20/6,0/0/1,20 6 9 12,10,20/6 20/7 20/8 20/9,6/5 6/4 7/4 8/4 9/4 10/4,100,6/8,False
70,1,up,27/08/2025 18:39:28,20/5,0/0/1,20 5 9 13,10,20/5 20/6 20/7 20/8,6/6 6/5 6/4 7/4 8/4 9/4,100,6/8,True
71,1,up,27/08/2025 18:39:28,20/4,0/0/1,20 4 9 14,10,20/4 20/5 20/6 20/7,6/7 6/6 6/5 6/4 7/4 8/4,100,6/8,True
72,1,left,27/08/2025 18:39:28,20/3,0/0/1,20 3 9 15,10,20/3 20/4 20/5 20/6,6/8 6/7 6/6 6/5 6/4,100,11/13,True
73,1,left,27/08/2025 18:39:28,19/3,-1/0/0,19 3 10 15,10,19/3 20/3 20/4 20/5,6/9 6/8 6/7 6/6 6/5 6/4 7/4,100,11/13,False
74,1,left,27/08/2025 18:39:29,18/3,-1/0/0,18 3 11 15,10,18/3 19/3 20/3 20/4,6/10 6/9 6/8 6/7 6/6 6/5 6/4,100,11/13,False
75,1,left,27/08/2025 18:39:29,17/3,-1/0/0,17 3 12 15,10,17/3 18/3 19/3 20/3,7/10 6/10 6/9 6/8 6/7 6/6 6/5,100,11/13,False
76,1,left,27/08/2025 18:39:29,16/3,-1/0/0,16 3 13 15,10,16/3 17/3 18/3 19/3,8/10 7/10 6/10 6/9 6/8 6/7 6/6,100,11/13,False
77,1,left,27/08/2025 18:39:29,15/3,-1/0/0,15 3 14 15,10,15/3 16/3 17/3 18/3,9/10 8/10 7/10 6/10 6/9 6/8 6/7,100,11/13,False
78,1,left,27/08/2025 18:39:29,14/3,-1/0/0,14 3 15 15,10,14/3 15/3 16/3 17/3,10/10 9/10 8/10 7/10 6/10 6/9 6/8,100,11/13,False
79,1,left,27/08/2025 18:39:30,13/3,-1/0/0,13 3 16 15,10,13/3 14/3 15/3 16/3,11/10 10/10 9/10 8/10 7/10 6/10 6/9,100,11/13,False
80,1,left,27/08/2025 18:39:30,12/3,-1/0/0,12 3 17 15,10,12/3 13/3 14/3 15/3,11/11 11/10 10/10 9/10 8/10 7/10 6/10,100,11/13,False
81,1,left,27/08/2025 18:39:30,11/3,-1/0/0,11 3 18 15,10,11/3 12/3 13/3 14/3,11/12 11/11 11/10 10/10 9/10 8/10 7/10,100,11/13,False
82,1,left,27/08/2025 18:39:30,10/3,-1/0/0,10 3 19 15,10,10/3 11/3 12/3 13/3,11/13 11/12 11/11 11/10 10/10 9/10,100,21/14,False
83,1,left,27/08/2025 18:39:30,9/3,-1/0/0,9 3 20 15,10,9/3 10/3 11/3 12/3,12/13 11/13 11/12 11/11 11/10 10/10 9/10 8/10,100,21/14,False
84,1,left,27/08/2025 18:39:31,8/3,-1/0/0,8 3 21 15,10,8/3 9/3 10/3 11/3,13/13 12/13 11/13 11/12 11/11 11/10 10/10 9/10,100,21/14,False
85,1,down,27/08/2025 18:39:31,7/3,-1/0/0,7 3 22 15,10,7/3 8/3 9/3 10/3,14/13 13/13 12/13 11/13 11/12 11/11 11/10 10/10,100,21/14,False
86,1,down,27/08/2025 18:39:31,7/4,0/0/-1,7 4 22 14,10,7/4 7/3 8/3 9/3,15/13 14/13 13/13 12/13 11/13 11/12 11/11 11/10,100,21/14,False
87,1,down,27/08/2025 18:39:31,7/5,0/0/-1,7 5 22 13,10,7/5 7/4 7/3 8/3,16/13 15/13 14/13 13/13 12/13 11/13 11/12 11/11,100,21/14,False
88,1,right,27/08/2025 18:39:31,7/6,0/0/-1,7 6 22 12,10,7/6 7/5 7/4 7/3,17/13 16/13 15/13 14/13 13/13 12/13 11/13 11/12,100,21/14,False
89,1,right,27/08/2025 18:39:32,8/6,1/0/0,8 6 21 12,10,8/6 7/6 7/5 7/4,18/13 17/13 16/13 15/13 14/13 13/13 12/13 11/13,100,21/14,False
90,1,right,27/08/2025 18:39:32,9/6,1/0/0,9 6 20 12,10,9/6 8/6 7/6 7/5,19/13 18/13 17/13 16/13 15/13 14/13 13/13 12/13,100,21/14,False
91,1,right,27/08/2025 18:39:32,10/6,1/0/0,10 6 19 12,10,10/6 9/6 8/6 7/6,20/13 19/13 18/13 17/13 16/13 15/13 14/13 13/13,100,21/14,False
92,1,right,27/08/2025 18:39:32,11/6,1/0/0,11 6 18 12,10,11/6 10/6 9/6 8/6,21/13 20/13 19/13 18/13 17/13 16/13 15/13 14/13,100,21/14,False
93,1,right,27/08/2025 18:39:32,12/6,1/0/0,12 6 17 12,10,12/6 11/6 10/6 9/6,21/14 21/13 20/13 19/13 18/13 17/13 16/13,100,4/9,False
94,1,right,27/08/2025 18:39:33,13/6,1/0/0,13 6 16 12,10,13/6 12/6 11/6 10/6,21/15 21/14 21/13 20/13 19/13 18/13 17/13 16/13 15/13,100,4/9,False
95,1,left,27/08/2025 18:39:33,14/6,1/0/0,14 6 15 12,10,14/6 13/6 12/6 11/6,20/15 21/15 21/14 21/13 20/13 19/13 18/13 17/13 16/13,100,4/9,False
96,1,left,27/08/2025 18:39:33,15/6,1/0/0,15 6 14 12,10,15/6 14/6 13/6 12/6,19/15 20/15 21/15 21/14 21/13 20/13 19/13 18/13 17/13,100,4/9,False
97,1,left,27/08/2025 18:39:33,16/6,1/0/0,16 6 13 12,10,16/6 15/6 14/6 13/6,18/15 19/15 20/15 21/15 21/14 21/13 20/13 19/13 18/13,100,4/9,False
98,1,down,27/08/2025 18:39:33,17/6,1/0/0,17 6 12 12,10,17/6 16/6 15/6 14/6,17/15 18/15 19/15 20/15 21/15 21/14 21/13 20/13 19/13,100,4/9,False
99,1,left,27/08/2025 18:39:34,17/7,0/0/-1,17 7 12 11,10,17/7 17/6 16/6 15/6,16/15 17/15 18/15 19/15 20/15 21/15 21/14 21/13 20/13,100,4/9,False
100,1,left,27/08/2025 18:39:34,16/7,-1/0/0,16 7 13 11,10,16/7 17/7 17/6 16/6,15/15 16/15 17/15 18/15 19/15 20/15 21/15 21/14 21/13,100,4/9,False
101,1,left,27/08/2025 18:39:34,15/7,-1/0/0,15 7 14 11,10,15/7 16/7 17/7 17/6,14/15 15/15 16/15 17/15 18/15 19/15 20/15 21/15 21/14,100,4/9,False
102,1,left,27/08/2025 18:39:34,14/7,-1/0/0,14 7 15 11,10,14/7 15/7 16/7 17/7,13/15 14/15 15/15 16/15 17/15 18/15 19/15 20/15 21/15,100,4/9,False
103,1,left,27/08/2025 18:39:34,13/7,-1/0/0,13 7 16 11,10,13/7 14/7 15/7 16/7,12/15 13/15 14/15 15/15 16/15 17/15 18/15 19/15 20/15,100,4/9,False
104,1,left,27/08/2025 18:39:35,12/7,-1/0/0,12 7 17 11,10,12/7 13/7 14/7 15/7,11/15 12/15 13/15 14/15 15/15 16/15 17/15 18/15 19/15,100,4/9,False
105,1,left,27/08/2025 18:39:35,11/7,-1/0/0,11 7 18 11,10,11/7 12/7 13/7 14/7,10/15 11/15 12/15 13/15 14/15 15/15 16/15 17/15 18/15,100,4/9,False
106,1,left,27/08/2025 18:39:35,10/7,-1/0/0,10 7 19 11,10,10/7 11/7 12/7 13/7,9/15 10/15 11/15 12/15 13/15 14/15 15/15 16/15 17/15,100,4/9,False
107,1,left,27/08/2025 18:39:35,9/7,-1/0/0,9 7 20 11,10,9/7 10/7 11/7 12/7,9/14 9/15 10/15 11/15 12/15 13/15 14/15 15/15 16/15,100,4/9,False
108,1,left,27/08/2025 18:39:35,8/7,-1/0/0,8 7 21 11,10,8/7 9/7 10/7 11/7,9/13 9/14 9/15 10/15 11/15 12/15 13/15 14/15 15/15,100,4/9,False
109,1,left,27/08/2025 18:39:36,7/7,-1/0/0,7 7 22 11,10,7/7 8/7 9/7 10/7,10/13 9/13 9/14 9/15 10/15 11/15 12/15 13/15 14/15,100,4/9,False
110,1,left,27/08/2025 18:39:36,6/7,-1/0/0,6 7 23 11,10,6/7 7/7 8/7 9/7,11/13 10/13 9/13 9/14 9/15 10/15 11/15 12/15 13/15,100,4/9,False
111,1,left,27/08/2025 18:39:36,5/7,-1/0/0,5 7 24 11,10,5/7 6/7 7/7 8/7,12/13 11/13 10/13 9/13 9/14 9/15 10/15 11/15 12/15,100,4/9,False
112,1,down,27/08/2025 18:39:36,4/7,-1/0/0,4 7 25 11,10,4/7 5/7 6/7 7/7,13/13 12/13 11/13 10/13 9/13 9/14 9/15 10/15 11/15,100,4/9,True
113,1,down,27/08/2025 18:39:36,4/8,0/0/-1,4 8 25 10,10,4/8 4/7 5/7 6/7,14/13 13/13 12/13 11/13 10/13 9/13 9/14 9/15 10/15,100,4/9,False
114,1,right,27/08/2025 18:39:37,4/9,0/0/-1,4 9 25 9,10,4/9 4/8 4/7,15/13 14/13 13/13 12/13 11/13 10/13 9/13 9/14 9/15,200,7/12,False
115,1,right,27/08/2025 18:39:37,5/9,1/0/0,5 9 24 9,10,5/9 4/9 4/8 4/7 5/7,16/13 15/13 14/13 13/13 12/13 11/13 10/13 9/13 9/14,200,7/12,False
116,1,right,27/08/2025 18:39:37,6/9,1/0/0,6 9 23 9,10,6/9 5/9 4/9 4/8 4/7,17/13 16/13 15/13 14/13 13/13 12/13 11/13 10/13 9/13,200,7/12,False
117,1,down,27/08/2025 18:39:37,7/9,1/0/0,7 9 22 9,10,7/9 6/9 5/9 4/9 4/8,18/13 17/13 16/13 15/13 14/13 13/13 12/13 11/13 10/13,200,7/12,False
118,1,down,27/08/2025 18:39:37,7/10,0/0/-1,7 10 22 8,10,7/10 7/9 6/9 5/9 4/9,19/13 18/13 17/13 16/13 15/13 14/13 13/13 12/13 11/13,200,7/12,False
119,1,down,27/08/2025 18:39:38,7/11,0/0/-1,7 11 22 7,10,7/11 7/10 7/9 6/9 5/9,20/13 19/13 18/13 17/13 16/13 15/13 14/13 13/13 12/13,200,7/12,False
120,1,right,27/08/2025 18:39:38,7/12,0/0/-1,7 12 22 6,10,7/12 7/11 7/10 7/9,21/13 20/13 19/13 18/13 17/13 16/13 15/13 14/13 13/13,300,12/8,False
121,1,right,27/08/2025 18:39:38,8/12,1/0/0,8 12 21 6,10,8/12 7/12 7/11 7/10 7/9 6/9,22/13 21/13 20/13 19/13 18/13 17/13 16/13 15/13 14/13,300,12/8,False
122,1,right,27/08/2025 18:39:38,9/12,1/0/0,9 12 20 6,10,9/12 8/12 7/12 7/11 7/10 7/9,23/13 22/13 21/13 20/13 19/13 18/13 17/13 16/13 15/13,300,12/8,False
123,1,right,27/08/2025 18:39:38,10/12,1/0/0,10 12 19 6,10,10/12 9/12 8/12 7/12 7/11 7/10,24/13 23/13 22/13 21/13 20/13 19/13 18/13 17/13 16/13,300,12/8,False
124,1,right,27/08/2025 18:39:39,11/12,1/0/0,11 12 18 6,10,11/12 10/12 9/12 8/12 7/12 7/11,24/12 24/13 23/13 22/13 21/13 20/13 19/13 18/13 17/13,300,12/8,False
125,1,up,27/08/2025 18:39:39,12/12,1/0/0,12 12 17 6,10,12/12 11/12 10/12 9/12 8/12 7/12,24/11 24/12 24/13 23/13 22/13 21/13 20/13 19/13 18/13,300,12/8,False
126,1,up,27/08/2025 18:39:39,12/11,0/0/1,12 11 17 7,10,12/11 12/12 11/12 10/12 9/12 8/12,24/10 24/11 24/12 24/13 23/13 22/13 21/13 20/13 19/13,300,12/8,False
127,1,up,27/08/2025 18:39:39,12/10,0/0/1,12 10 17 8,10,12/10 12/11 12/12 11/12 10/12 9/12,24/9 24/10 24/11 24/12 24/13 23/13 22/13 21/13 20/13,300,12/8,False
128,1,up,27/08/2025 18:39:39,12/9,0/0/1,12 9 17 9,10,12/9 12/10 12/11 12/12 11/12 10/12,24/8 24/9 24/10 24/11 24/12 24/13 23/13 22/13 21/13,300,12/8,False
129,1,up,27/08/2025 18:39:40,12/8,0/0/1,12 8 17 10,10,12/8 12/9 12/10 12/11 12/12,24/7 24/8 24/9 24/10 24/11 24/12 24/13 23/13 22/13,400,14/15,False
130,1,up,27/08/2025 18:39:40,12/7,0/0/1,12 7 17 11,10,12/7 12/8 12/9 12/10 12/11 12/12 11/12,23/7 24/7 24/8 24/9 24/10 24/11 24/12 24/13 23/13,400,14/15,False
131,1,up,27/08/2025 18:39:40,12/6,0/0/1,12 6 17 12,10,12/6 12/7 12/8 12/9 12/10 12/11 12/12,22/7 23/7 24/7 24/8 24/9 24/10 24/11 24/12 24/13,400,14/15,False
132,1,up,27/08/2025 18:39:40,12/5,0/0/1,12 5 17 13,10,12/5 12/6 12/7 12/8 12/9 12/10 12/11,21/7 22/7 23/7 24/7 24/8 24/9 24/10 24/11 24/12,400,14/15,True
133,1,left,27/08/2025 18:39:40,12/4,0/0/1,12 4 17 14,10,12/4 12/5 12/6 12/7 12/8 12/9 12/10,20/7 21/7 22/7 23/7 24/7 24/8 24/9 24/10 24/11,400,14/15,True
134,1,left,27/08/2025 18:39:41,11/4,-1/0/0,11 4 18 14,10,11/4 12/4 12/5 12/6 12/7 12/8 12/9,19/7 20/7 21/7 22/7 23/7 24/7 24/8 24/9 24/10,400,14/15,False
135,1,left,27/08/2025 18:39:41,10/4,-1/0/0,10 4 19 14,10,10/4 11/4 12/4 12/5 12/6 12/7 12/8,18/7 19/7 20/7 21/7 22/7 23/7 24/7 24/8 24/9,400,14/15,False
136,1,left,27/08/2025 18:39:41,9/4,-1/0/0,9 4 20 14,10,9/4 10/4 11/4 12/4 12/5 12/6 12/7,17/7 18/7 19/7 20/7 21/7 22/7 23/7 24/7 24/8,400,14/15,False
137,1,left,27/08/2025 18:39:41,8/4,-1/0/0,8 4 21 14,10,8/4 9/4 10/4 11/4 12/4 12/5 12/6,16/7 17/7 18/7 19/7 20/7 21/7 22/7 23/7 24/7,400,14/15,False
138,1,up,27/08/2025 18:39:41,7/4,-1/0/0,7 4 22 14,10,7/4 8/4 9/4 10/4 11/4 12/4 12/5,15/7 16/7 17/7 18/7 19/7 20/7 21/7 22/7 23/7,400,14/15,False
139,1,right,27/08/2025 18:39:42,7/3,0/0/1,7 3 22 15,10,7/3 7/4 8/4 9/4 10/4 11/4 12/4,14/7 15/7 16/7 17/7 18/7 19/7 20/7 21/7 22/7,400,14/15,True
140,1,right,27/08/2025 18:39:42,8/3,1/0/0,8 3 21 15,10,8/3 7/3 7/4 8/4 9/4 10/4 11/4,13/7 14/7 15/7 16/7 17/7 18/7 19/7 20/7 21/7,400,14/15,False
141,1,right,27/08/2025 18:39:42,9/3,1/0/0,9 3 20 15,10,9/3 8/3 7/3 7/4 8/4 9/4 10/4,12/7 13/7 14/7 15/7 16/7 17/7 18/7 19/7 20/7,400,14/15,False
142,1,right,27/08/2025 18:39:42,10/3,1/0/0,10 3 19 15,10,10/3 9/3 8/3 7/3 7/4 8/4 9/4,11/7 12/7 13/7 14/7 15/7 16/7 17/7 18/7 19/7,400,14/15,False
143,1,right,27/08/2025 18:39:42,11/3,1/0/0,11 3 18 15,10,11/3 10/3 9/3 8/3 7/3 7/4 8/4,11/8 11/7 12/7 13/7 14/7 15/7 16/7 17/7 18/7,400,14/15,False
144,1,right,27/08/2025 18:39:43,12/3,1/0/0,12 3 17 15,10,12/3 11/3 10/3 9/3 8/3 7/3 7/4,11/9 11/8 11/7 12/7 13/7 14/7 15/7 16/7 17/7,400,14/15,False
145,1,right,27/08/2025 18:39:43,13/3,1/0/0,13 3 16 15,10,13/3 12/3 11/3 10/3 9/3 8/3 7/3,11/10 11/9 11/8 11/7 12/7 13/7 14/7 15/7 16/7,400,14/15,False
146,1,right,27/08/2025 18:39:43,14/3,1/0/0,14 3 15 15,10,14/3 13/3 12/3 11/3 10/3 9/3 8/3,11/11 11/10 11/9 11/8 11/7 12/7 13/7 14/7 15/7,400,14/15,False
147,1,right,27/08/2025 18:39:43,15/3,1/0/0,15 3 14 15,10,15/3 14/3 13/3 12/3 11/3 10/3 9/3,11/12 11/11 11/10 11/9 11/8 11/7 12/7 13/7 14/7,400,14/15,False
148,1,right,27/08/2025 18:39:43,16/3,1/0/0,16 3 13 15,10,16/3 15/3 14/3 13/3 12/3 11/3 10/3,11/13 11/12 11/11 11/10 11/9 11/8 11/7 12/7 13/7,400,14/15,False
149,1,right,27/08/2025 18:39:44,17/3,1/0/0,17 3 12 15,10,17/3 16/3 15/3 14/3 13/3 12/3 11/3,11/14 11/13 11/12 11/11 11/10 11/9 11/8 11/7 12/7,400,14/15,False
150,1,right,27/08/2025 18:39:44,18/3,1/0/0,18 3 11 15,10,18/3 17/3 16/3 15/3 14/3 13/3 12/3,11/15 11/14 11/13 11/12 11/11 11/10 11/9 11/8 11/7,400,14/15,False
151,1,right,27/08/2025 18:39:44,19/3,1/0/0,19 3 10 15,10,19/3 18/3 17/3 16/3 15/3 14/3 13/3,12/15 11/15 11/14 11/13 11/12 11/11 11/10 11/9 11/8,400,14/15,False
152,1,right,27/08/2025 18:39:44,20/3,1/0/0,20 3 9 15,10,20/3 19/3 18/3 17/3 16/3 15/3 14/3,13/15 12/15 11/15 11/14 11/13 11/12 11/11 11/10 11/9,400,14/15,False
153,1,right,27/08/2025 18:39:44,21/3,1/0/0,21 3 8 15,10,21/3 20/3 19/3 18/3 17/3 16/3 15/3,14/15 13/15 12/15 11/15 11/14 11/13 11/12 11/11,400,23/11,False
154,1,right,27/08/2025 18:39:45,22/3,1/0/0,22 3 7 15,10,22/3 21/3 20/3 19/3 18/3 17/3 16/3,15/15 14/15 13/15 12/15 11/15 11/14 11/13 11/12 11/11 11/10,400,23/11,False
155,1,right,27/08/2025 18:39:45,23/3,1/0/0,23 3 6 15,10,23/3 22/3 21/3 20/3 19/3 18/3 17/3,16/15 15/15 14/15 13/15 12/15 11/15 11/14 11/13 11/12 11/11,400,23/11,False
156,1,up,27/08/2025 18:39:45,24/3,1/0/0,24 3 5 15,10,24/3 23/3 22/3 21/3 20/3 19/3 18/3,17/15 16/15 15/15 14/15 13/15 12/15 11/15 11/14 11/13 11/12,400,23/11,False
157,1,left,27/08/2025 18:39:45,24/2,0/0/1,24 2 5 16,10,24/2 24/3 23/3 22/3 21/3 20/3 19/3,18/15 17/15 16/15 15/15 14/15 13/15 12/15 11/15 11/14 11/13,400,23/11,True
158,1,left,27/08/2025 18:39:45,23/2,-1/0/0,23 2 6 16,10,23/2 24/2 24/3 23/3 22/3 21/3 20/3,19/15 18/15 17/15 16/15 15/15 14/15 13/15 12/15 11/15 11/14,400,23/11,False
159,1,left,27/08/2025 18:39:46,22/2,-1/0/0,22 2 7 16,10,22/2 23/2 24/2 24/3 23/3 22/3 21/3,20/15 19/15 18/15 17/15 16/15 15/15 14/15 13/15 12/15 11/15,400,23/11,False
160,1,left,27/08/2025 18:39:46,21/2,-1/0/0,21 2 8 16,10,21/2 22/2 23/2 24/2 24/3 23/3 22/3,21/15 20/15 19/15 18/15 17/15 16/15 15/15 14/15 13/15 12/15,400,23/11,False
161,1,left,27/08/2025 18:39:46,20/2,-1/0/0,20 2 9 16,10,20/2 21/2 22/2 23/2 24/2 24/3 23/3,22/15 21/15 20/15 19/15 18/15 17/15 16/15 15/15 14/15 13/15,400,23/11,False
162,1,left,27/08/2025 18:39:46,19/2,-1/0/0,19 2 10 16,10,19/2 20/2 21/2 22/2 23/2 24/2 24/3,22/14 22/15 21/15 20/15 19/15 18/15 17/15 16/15 15/15 14/15,400,23/11,False
163,1,left,27/08/2025 18:39:46,18/2,-1/0/0,18 2 11 16,10,18/2 19/2 20/2 21/2 22/2 23/2 24/2,22/13 22/14 22/15 21/15 20/15 19/15 18/15 17/15 16/15 15/15,400,23/11,False
164,1,left,27/08/2025 18:39:47,17/2,-1/0/0,17 2 12 16,10,17/2 18/2 19/2 20/2 21/2 22/2 23/2,23/13 22/13 22/14 22/15 21/15 20/15 19/15 18/15 17/15 16/15,400,23/11,False
165,1,left,27/08/2025 18:39:47,16/2,-1/0/0,16 2 13 16,10,16/2 17/2 18/2 19/2 20/2 21/2 22/2,23/12 23/13 22/13 22/14 22/15 21/15 20/15 19/15 18/15 17/15,400,23/11,False
166,1,left,27/08/2025 18:39:47,15/2,-1/0/0,15 2 14 16,10,15/2 16/2 17/2 18/2 19/2 20/2 21/2,23/11 23/12 23/13 22/13 22/14 22/15 21/15 20/15 19/15,400,8/8,False
167,1,left,27/08/2025 18:39:47,14/2,-1/0/0,14 2 15 16,10,14/2 15/2 16/2 17/2 18/2 19/2 20/2,23/10 23/11 23/12 23/13 22/13 22/14 22/15 21/15 20/15 19/15 18/15,400,8/8,False
168,1,left,27/08/2025 18:39:47,13/2,-1/0/0,13 2 16 16,10,13/2 14/2 15/2 16/2 17/2 18/2 19/2,22/10 23/10 23/11 23/12 23/13 22/13 22/14 22/15 21/15 20/15 19/15,400,8/8,False
169,1,left,27/08/2025 18:39:48,12/2,-1/0/0,12 2 17 16,10,12/2 13/2 14/2 15/2 16/2 17/2 18/2,21/10 22/10 23/10 23/11 23/12 23/13 22/13 22/14 22/15 21/15 20/15,400,8/8,False
170,1,left,27/08/2025 18:39:48,11/2,-1/0/0,11 2 18 16,10,11/2 12/2 13/2 14/2 15/2 16/2 17/2,20/10 21/10 22/10 23/10 23/11 23/12 23/13 22/13 22/14 22/15 21/15,400,8/8,False
171,1,left,27/08/2025 18:39:48,10/2,-1/0/0,10 2 19 16,10,10/2 11/2 12/2 13/2 14/2 15/2 16/2,19/10 20/10 21/10 22/10 23/10 23/11 23/12 23/13 22/13 22/14 22/15,400,8/8,False
172,1,down,27/08/2025 18:39:48,9/2,-1/0/0,9 2 20 16,10,9/2 10/2 11/2 12/2 13/2 14/2 15/2,18/10 19/10 20/10 21/10 22/10 23/10 23/11 23/12 23/13 22/13 22/14,400,8/8,False
173,1,down,27/08/2025 18:39:48,9/3,0/0/-1,9 3 20 15,10,9/3 9/2 10/2 11/2 12/2 13/2 14/2,17/10 18/10 19/10 20/10 21/10 22/10 23/10 23/11 23/12 23/13 22/13,400,8/8,False
174,1,down,27/08/2025 18:39:49,9/4,0/0/-1,9 4 20 14,10,9/4 9/3 9/2 10/2 11/2 12/2 13/2,16/10 17/10 18/10 19/10 20/10 21/10 22/10 23/10 23/11 23/12 23/13,400,8/8,False
175,1,left,27/08/2025 18:39:49,9/5,0/0/-1,9 5 20 13,10,9/5 9/4 9/3 9/2 10/2 11/2 12/2,15/10 16/10 17/10 18/10 19/10 20/10 21/10 22/10 23/10 23/11 23/12,400,8/8,False
176,1,up,27/08/2025 18:39:49,8/5,-1/0/0,8 5 21 13,10,8/5 9/5 9/4 9/3 9/2 10/2 11/2,14/10 15/10 16/10 17/10 18/10 19/10 20/10 21/10 22/10 23/10 23/11,400,8/8,False
177,1,up,27/08/2025 18:39:49,8/4,0/0/1,8 4 21 14,10,8/4 8/5 9/5 9/4 9/3 9/2 10/2,13/10 14/10 15/10 16/10 17/10 18/10 19/10 20/10 21/10 22/10 23/10,400,8/8,True
178,1,right,27/08/2025 18:39:49,8/3,0/0/1,8 3 21 15,10,8/3 8/4 8/5 9/5 9/4 9/3 9/2,12/10 13/10 14/10 15/10 16/10 17/10 18/10 19/10 20/10 21/10 22/10,400,8/8,True
179,1,right,27/08/2025 18:39:52,9/3,-1/0/0,9 3 20 15,10,26/9 27/9 28/9,4/9 3/9 2/9,200,14/10,False
180,1,right,27/08/2025 18:39:52,25/9,-1/0/0,25 9 4 9,10,25/9 26/9 27/9,5/9 4/9 3/9,200,14/10,False
181,1,right,27/08/2025 18:39:52,24/9,-1/0/0,24 9 5 9,10,24/9 25/9 26/9,6/9 5/9 4/9,200,14/10,False
182,1,right,27/08/2025 18:39:52,23/9,-1/0/0,23 9 6 9,10,23/9 24/9 25/9,7/9 6/9 5/9,200,14/10,False
183,1,right,27/08/2025 18:39:53,22/9,-1/0/0,22 9 7 9,10,22/9 23/9 24/9,8/9 7/9 6/9,200,14/10,False
184,1,right,27/08/2025 18:39:53,21/9,-1/0/0,21 9 8 9,10,21/9 22/9 23/9,9/9 8/9 7/9,200,14/10,False
185,1,right,27/08/2025 18:39:53,20/9,-1/0/0,20 9 9 9,10,20/9 21/9 22/9,9/10 9/9 8/9,200,14/10,False
186,1,right,27/08/2025 18:39:53,19/9,-1/0/0,19 9 10 9,10,19/9 20/9 21/9,9/11 9/10 9/9,200,14/10,False
187,1,right,27/08/2025 18:39:53,18/9,-1/0/0,18 9 11 9,10,18/9 19/9 20/9,10/11 9/11 9/10,200,14/10,False
188,1,right,27/08/2025 18:39:54,17/9,-1/0/0,17 9 12 9,10,17/9 18/9 19/9,11/11 10/11 9/11,200,14/10,False
189,1,right,27/08/2025 18:39:54,16/9,-1/0/0,16 9 13 9,10,16/9 17/9 18/9,12/11 11/11 10/11,200,14/10,False
190,1,right,27/08/2025 18:39:54,15/9,-1/0/0,15 9 14 9,10,15/9 16/9 17/9,13/11 12/11 11/11,200,14/10,False
191,1,right,27/08/2025 18:39:54,14/9,-1/0/0,14 9 15 9,10,14/9 15/9 16/9,14/11 13/11 12/11,200,14/10,False
192,1,right,27/08/2025 18:39:54,13/9,-1/0/0,13 9 16 9,10,13/9 14/9 15/9,15/11 14/11 13/11,200,14/10,False
193,1,right,27/08/2025 18:39:55,12/9,-1/0/0,12 9 17 9,10,12/9 13/9 14/9,15/10 15/11 14/11,200,14/10,False
194,1,right,27/08/2025 18:39:55,11/9,-1/0/0,11 9 18 9,10,11/9 12/9 13/9,16/10 15/10 15/11,200,14/10,False
195,1,right,27/08/2025 18:39:55,10/9,-1/0/0,10 9 19 9,10,10/9 11/9 12/9,17/10 16/10 15/10,200,14/10,False
196,1,right,27/08/2025 18:39:55,9/9,-1/0/0,9 9 20 9,10,9/9 10/9 11/9,17/9 17/10 16/10,200,14/10,False
197,1,right,27/08/2025 18:39:55,8/9,-1/0/0,8 9 21 9,10,8/9 9/9 10/9,17/8 17/9 17/10,200,14/10,False
198,1,right,27/08/2025 18:39:56,7/9,-1/0/0,7 9 22 9,10,7/9 8/9 9/9,16/8 17/8 17/9,200,14/10,False
199,1,right,27/08/2025 18:39:56,6/9,-1/0/0,6 9 23 9,10,6/9 7/9 8/9,15/8 16/8 17/8,200,14/10,False
200,1,down,27/08/2025 18:39:56,5/9,-1/0/0,5 9 24 9,10,5/9 6/9 7/9,14/8 15/8 16/8,200,14/10,False
201,1,down,27/08/2025 18:39:56,5/10,0/0/-1,5 10 24 8,10,5/10 5/9 6/9,13/8 14/8 15/8,200,14/10,False
202,1,right,27/08/2025 18:39:56,5/11,0/0/-1,5 11 24 7,10,5/11 5/10 5/9,12/8 13/8 14/8,200,14/10,False
203,1,right,27/08/2025 18:39:57,6/11,1/0/0,6 11 23 7,10,6/11 5/11 5/10,11/8 12/8 13/8,200,14/10,False
204,1,right,27/08/2025 18:39:57,7/11,1/0/0,7 11 22 7,10,7/11 6/11 5/11,10/8 11/8 12/8,200,14/10,False
205,1,right,27/08/2025 18:39:57,8/11,1/0/0,8 11 21 7,10,8/11 7/11 6/11,9/8 10/8 11/8,200,14/10,False
206,1,right,27/08/2025 18:39:57,9/11,1/0/0,9 11 20 7,10,9/11 8/11 7/11,9/9 9/8 10/8,200,14/10,False
207,1,right,27/08/2025 18:39:57,10/11,1/0/0,10 11 19 7,10,10/11 9/11 8/11,9/10 9/9 9/8,200,14/10,False
208,1,right,27/08/2025 18:39:58,11/11,1/0/0,11 11 18 7,10,11/11 10/11 9/11,10/10 9/10 9/9,200,14/10,False
209,1,right,27/08/2025 18:39:58,12/11,1/0/0,12 11 17 7,10,12/11 11/11 10/11,11/10 10/10 9/10,200,14/10,False
210,1,right,27/08/2025 18:39:58,13/11,1/0/0,13 11 16 7,10,13/11 12/11 11/11,12/10 11/10 10/10,200,14/10,False
211,1,right,27/08/2025 18:39:58,14/11,1/0/0,14 11 15 7,10,14/11 13/11 12/11,13/10 12/10 11/10,200,14/10,False
212,1,right,27/08/2025 18:39:58,15/11,1/0/0,15 11 14 7,10,15/11 14/11 13/11,14/10 13/10,200,2/7,False
213,1,right,27/08/2025 18:39:59,16/11,1/0/0,16 11 13 7,10,16/11 15/11 14/11,15/10 14/10 13/10 12/10,200,2/7,False
214,1,right,27/08/2025 18:39:59,17/11,1/0/0,17 11 12 7,10,17/11 16/11 15/11,15/9 15/10 14/10 13/10,200,2/7,False
215,1,right,27/08/2025 18:39:59,18/11,1/0/0,18 11 11 7,10,18/11 17/11 16/11,15/8 15/9 15/10 14/10,200,2/7,False
216,1,right,27/08/2025 18:39:59,19/11,1/0/0,19 11 10 7,10,19/11 18/11 17/11,14/8 15/8 15/9 15/10,200,2/7,False
217,1,right,27/08/2025 18:39:59,20/11,1/0/0,20 11 9 7,10,20/11 19/11 18/11,13/8 14/8 15/8 15/9,200,2/7,False
218,1,up,27/08/2025 18:40:00,21/11,1/0/0,21 11 8 7,10,21/11 20/11 19/11,12/8 13/8 14/8 15/8,200,2/7,False
219,1,up,27/08/2025 18:40:00,21/10,0/0/1,21 10 8 8,10,21/10 21/11 20/11,11/8 12/8 13/8 14/8,200,2/7,False
220,1,up,27/08/2025 18:40:00,21/9,0/0/1,21 9 8 9,10,21/9 21/10 21/11,10/8 11/8 12/8 13/8,200,2/7,False
221,1,up,27/08/2025 18:40:00,21/8,0/0/1,21 8 8 10,10,21/8 21/9 21/10,9/8 10/8 11/8 12/8,200,2/7,False
222,1,up,27/08/2025 18:40:00,21/7,0/0/1,21 7 8 11,10,21/7 21/8 21/9,8/8 9/8 10/8 11/8,200,2/7,False
223,1,up,27/08/2025 18:40:01,21/6,0/0/1,21 6 8 12,10,21/6 21/7 21/8,7/8 8/8 9/8 10/8,200,2/7,False
224,1,up,27/08/2025 18:40:01,21/5,0/0/1,21 5 8 13,10,21/5 21/6 21/7,6/8 7/8 8/8 9/8,200,2/7,True
225,1,left,27/08/2025 18:40:01,21/4,0/0/1,21 4 8 14,10,21/4 21/5 21/6,5/8 6/8 7/8 8/8,200,2/7,True
226,1,left,27/08/2025 18:40:01,20/4,-1/0/0,20 4 9 14,10,20/4 21/4 21/5,4/8 5/8 6/8 7/8,200,2/7,False
227,1,left,27/08/2025 18:40:01,19/4,-1/0/0,19 4 10 14,10,19/4 20/4 21/4,3/8 4/8 5/8 6/8,200,2/7,False
228,1,left,27/08/2025 18:40:02,18/4,-1/0/0,18 4 11 14,10,18/4 19/4 20/4,2/8 3/8 4/8 5/8,200,2/7,False
229,1,left,27/08/2025 18:40:02,17/4,-1/0/0,17 4 12 14,10,17/4 18/4 19/4,2/7 2/8 3/8,200,16/14,False
230,1,left,27/08/2025 18:40:02,16/4,-1/0/0,16 4 13 14,10,16/4 17/4 18/4,2/6 2/7 2/8 3/8 4/8,200,16/14,False
231,1,left,27/08/2025 18:40:02,15/4,-1/0/0,15 4 14 14,10,15/4 16/4 17/4,3/6 2/6 2/7 2/8 3/8,200,16/14,False
232,1,left,27/08/2025 18:40:02,14/4,-1/0/0,14 4 15 14,10,14/4 15/4 16/4,4/6 3/6 2/6 2/7 2/8,200,16/14,False
233,1,left,27/08/2025 18:40:03,13/4,-1/0/0,13 4 16 14,10,13/4 14/4 15/4,5/6 4/6 3/6 2/6 2/7,200,16/14,False
234,1,left,27/08/2025 18:40:03,12/4,-1/0/0,12 4 17 14,10,12/4 13/4 14/4,5/7 5/6 4/6 3/6 2/6,200,16/14,False
235,1,left,27/08/2025 18:40:03,11/4,-1/0/0,11 4 18 14,10,11/4 12/4 13/4,5/8 5/7 5/6 4/6 3/6,200,16/14,False
236,1,left,27/08/2025 18:40:03,10/4,-1/0/0,10 4 19 14,10,10/4 11/4 12/4,5/9 5/8 5/7 5/6 4/6,200,16/14,False
237,1,left,27/08/2025 18:40:03,9/4,-1/0/0,9 4 20 14,10,9/4 10/4 11/4,5/10 5/9 5/8 5/7 5/6,200,16/14,False
238,1,left,27/08/2025 18:40:04,8/4,-1/0/0,8 4 21 14,10,8/4 9/4 10/4,5/11 5/10 5/9 5/8 5/7,200,16/14,False
239,1,left,27/08/2025 18:40:04,7/4,-1/0/0,7 4 22 14,10,7/4 8/4 9/4,5/12 5/11 5/10 5/9 5/8,200,16/14,False
240,1,left,27/08/2025 18:40:04,6/4,-1/0/0,6 4 23 14,10,6/4 7/4 8/4,5/13 5/12 5/11 5/10 5/9,200,16/14,False
241,1,left,27/08/2025 18:40:04,5/4,-1/0/0,5 4 24 14,10,5/4 6/4 7/4,5/14 5/13 5/12 5/11 5/10,200,16/14,False
242,1,left,27/08/2025 18:40:04,4/4,-1/0/0,4 4 25 14,10,4/4 5/4 6/4,6/14 5/14 5/13 5/12 5/11,200,16/14,True
243,1,up,27/08/2025 18:40:05,3/4,-1/0/0,3 4 26 14,10,3/4 4/4 5/4,7/14 6/14 5/14 5/13 5/12,200,16/14,True
244,1,up,27/08/2025 18:40:05,3/3,0/0/1,3 3 26 15,10,3/3 3/4 4/4,8/14 7/14 6/14 5/14 5/13,200,16/14,True
245,1,right,27/08/2025 18:40:05,3/2,0/0/1,3 2 26 16,10,3/2 3/3 3/4,9/14 8/14 7/14 6/14 5/14,200,16/14,True
246,1,right,27/08/2025 18:40:05,4/2,1/0/0,4 2 25 16,10,4/2 3/2 3/3,10/14 9/14 8/14 7/14 6/14,200,16/14,False
247,1,right,27/08/2025 18:40:05,5/2,1/0/0,5 2 24 16,10,5/2 4/2 3/2,11/14 10/14 9/14 8/14 7/14,200,16/14,False
248,1,right,27/08/2025 18:40:06,6/2,1/0/0,6 2 23 16,10,6/2 5/2 4/2,12/14 11/14 10/14 9/14 8/14,200,16/14,False
249,1,right,27/08/2025 18:40:06,7/2,1/0/0,7 2 22 16,10,7/2 6/2 5/2,13/14 12/14 11/14 10/14 9/14,200,16/14,False
250,1,right,27/08/2025 18:40:06,8/2,1/0/0,8 2 21 16,10,8/2 7/2 6/2,14/14 13/14 12/14 11/14 10/14,200,16/14,False
251,1,right,27/08/2025 18:40:06,9/2,1/0/0,9 2 20 16,10,9/2 8/2 7/2,15/14 14/14 13/14 12/14 11/14,200,16/14,False
252,1,right,27/08/2025 18:40:06,10/2,1/0/0,10 2 19 16,10,10/2 9/2 8/2,16/14 15/14 14/14 13/14,200,25/14,False
253,1,down,27/08/2025 18:40:07,11/2,1/0/0,11 2 18 16,10,11/2 10/2 9/2,17/14 16/14 15/14 14/14 13/14 12/14,200,25/14,False
254,1,down,27/08/2025 18:40:07,11/3,0/0/-1,11 3 18 15,10,11/3 11/2 10/2,18/14 17/14 16/14 15/14 14/14 13/14,200,25/14,False
255,1,down,27/08/2025 18:40:07,11/4,0/0/-1,11 4 18 14,10,11/4 11/3 11/2,19/14 18/14 17/14 16/14 15/14 14/14,200,25/14,False
256,1,down,27/08/2025 18:40:07,11/5,0/0/-1,11 5 18 13,10,11/5 11/4 11/3,20/14 19/14 18/14 17/14 16/14 15/14,200,25/14,False
257,1,down,27/08/2025 18:40:07,11/6,0/0/-1,11 6 18 12,10,11/6 11/5 11/4,21/14 20/14 19/14 18/14 17/14 16/14,200,25/14,False
258,1,down,27/08/2025 18:40:08,11/7,0/0/-1,11 7 18 11,10,11/7 11/6 11/5,22/14 21/14 20/14 19/14 18/14 17/14,200,25/14,False
259,1,right,27/08/2025 18:40:08,11/8,0/0/-1,11 8 18 10,10,11/8 11/7 11/6,23/14 22/14 21/14 20/14 19/14 18/14,200,25/14,False
260,1,right,27/08/2025 18:40:08,12/8,1/0/0,12 8 17 10,10,12/8 11/8 11/7,24/14 23/14 22/14 21/14 20/14 19/14,200,25/14,False
261,1,right,27/08/2025 18:40:08,13/8,1/0/0,13 8 16 10,10,13/8 12/8 11/8,25/14 24/14 23/14 22/14 21/14,200,4/2,False
262,1,right,27/08/2025 18:40:08,14/8,1/0/0,14 8 15 10,10,14/8 13/8 12/8,26/14 25/14 24/14 23/14 22/14 21/14 20/14,200,4/2,False
263,1,right,27/08/2025 18:40:09,15/8,1/0/0,15 8 14 10,10,15/8 14/8 13/8,26/13 26/14 25/14 24/14 23/14 22/14 21/14,200,4/2,False
264,1,right,27/08/2025 18:40:09,16/8,1/0/0,16 8 13 10,10,16/8 15/8 14/8,26/12 26/13 26/14 25/14 24/14 23/14 22/14,200,4/2,False
265,1,right,27/08/2025 18:40:09,17/8,1/0/0,17 8 12 10,10,17/8 16/8 15/8,26/11 26/12 26/13 26/14 25/14 24/14 23/14,200,4/2,False
266,1,up,27/08/2025 18:40:09,18/8,1/0/0,18 8 11 10,10,18/8 17/8 16/8,26/10 26/11 26/12 26/13 26/14 25/14 24/14,200,4/2,False
267,1,up,27/08/2025 18:40:09,18/7,0/0/1,18 7 11 11,10,18/7 18/8 17/8,26/9 26/10 26/11 26/12 26/13 26/14 25/14,200,4/2,False
268,1,up,27/08/2025 18:40:10,18/6,0/0/1,18 6 11 12,10,18/6 18/7 18/8,26/8 26/9 26/10 26/11 26/12 26/13 26/14,200,4/2,False
269,1,up,27/08/2025 18:40:10,18/5,0/0/1,18 5 11 13,10,18/5 18/6 18/7,25/8 26/8 26/9 26/10 26/11 26/12 26/13,200,4/2,True
270,1,up,27/08/2025 18:40:10,18/4,0/0/1,18 4 11 14,10,18/4 18/5 18/6,24/8 25/8 26/8 26/9 26/10 26/11 26/12,200,4/2,True
271,1,up,27/08/2025 18:40:10,18/3,0/0/1,18 3 11 15,10,18/3 18/4 18/5,23/8 24/8 25/8 26/8 26/9 26/10 26/11,200,4/2,True
272,1,left,27/08/2025 18:40:10,18/2,0/0/1,18 2 11 16,10,18/2 18/3 18/4,22/8 23/8 24/8 25/8 26/8 26/9 26/10,200,4/2,True
273,1,left,27/08/2025 18:40:11,17/2,-1/0/0,17 2 12 16,10,17/2 18/2 18/3,21/8 22/8 23/8 24/8 25/8 26/8 26/9,200,4/2,False
274,1,left,27/08/2025 18:40:11,16/2,-1/0/0,16 2 13 16,10,16/2 17/2 18/2,20/8 21/8 22/8 23/8 24/8 25/8 26/8,200,4/2,False
275,1,left,27/08/2025 18:40:11,15/2,-1/0/0,15 2 14 16,10,15/2 16/2 17/2,19/8 20/8 21/8 22/8 23/8 24/8 25/8,200,4/2,False
276,1,left,27/08/2025 18:40:11,14/2,-1/0/0,14 2 15 16,10,14/2 15/2 16/2,18/8 19/8 20/8 21/8 22/8 23/8 24/8,200,4/2,False
277,1,left,27/08/2025 18:40:11,13/2,-1/0/0,13 2 16 16,10,13/2 14/2 15/2,17/8 18/8 19/8 20/8 21/8 22/8 23/8,200,4/2,False
278,1,left,27/08/2025 18:40:12,12/2,-1/0/0,12 2 17 16,10,12/2 13/2 14/2,16/8 17/8 18/8 19/8 20/8 21/8 22/8,200,4/2,False
279,1,left,27/08/2025 18:40:12,11/2,-1/0/0,11 2 18 16,10,11/2 12/2 13/2,15/8 16/8 17/8 18/8 19/8 20/8 21/8,200,4/2,False
280,1,left,27/08/2025 18:40:12,10/2,-1/0/0,10 2 19 16,10,10/2 11/2 12/2,14/8 15/8 16/8 17/8 18/8 19/8 20/8,200,4/2,False
281,1,left,27/08/2025 18:40:12,9/2,-1/0/0,9 2 20 16,10,9/2 10/2 11/2,13/8 14/8 15/8 16/8 17/8 18/8 19/8,200,4/2,False
282,1,left,27/08/2025 18:40:12,8/2,-1/0/0,8 2 21 16,10,8/2 9/2 10/2,12/8 13/8 14/8 15/8 16/8 17/8 18/8,200,4/2,False
283,1,left,27/08/2025 18:40:13,7/2,-1/0/0,7 2 22 16,10,7/2 8/2 9/2,11/8 12/8 13/8 14/8 15/8 16/8 17/8,200,4/2,False
284,1,left,27/08/2025 18:40:13,6/2,-1/0/0,6 2 23 16,10,6/2 7/2 8/2,10/8 11/8 12/8 13/8 14/8 15/8 16/8,200,4/2,False
285,1,left,27/08/2025 18:40:13,5/2,-1/0/0,5 2 24 16,10,5/2 6/2 7/2,9/8 10/8 11/8 12/8 13/8 14/8 15/8,200,4/2,False
286,1,down,27/08/2025 18:40:13,4/2,-1/0/0,4 2 25 16,10,4/2 5/2,8/8 9/8 10/8 11/8 12/8 13/8 14/8,300,18/7,True
287,1,down,27/08/2025 18:40:13,4/3,0/0/-1,4 3 25 15,10,4/3 4/2 5/2 6/2,7/8 8/8 9/8 10/8 11/8 12/8 13/8,300,18/7,False
288,1,down,27/08/2025 18:40:14,4/4,0/0/-1,4 4 25 14,10,4/4 4/3 4/2 5/2,6/8 7/8 8/8 9/8 10/8 11/8 12/8,300,18/7,False
289,1,right,27/08/2025 18:40:14,4/5,0/0/-1,4 5 25 13,10,4/5 4/4 4/3 4/2,5/8 6/8 7/8 8/8 9/8 10/8 11/8,300,18/7,False
290,1,right,27/08/2025 18:40:14,5/5,1/0/0,5 5 24 13,10,5/5 4/5 4/4 4/3,4/8 5/8 6/8 7/8 8/8 9/8 10/8,300,18/7,False
291,1,right,27/08/2025 18:40:14,6/5,1/0/0,6 5 23 13,10,6/5 5/5 4/5 4/4,3/8 4/8 5/8 6/8 7/8 8/8 9/8,300,18/7,False
292,1,right,27/08/2025 18:40:14,7/5,1/0/0,7 5 22 13,10,7/5 6/5 5/5 4/5,3/9 3/8 4/8 5/8 6/8 7/8 8/8,300,18/7,False
293,1,right,27/08/2025 18:40:15,8/5,1/0/0,8 5 21 13,10,8/5 7/5 6/5 5/5,3/10 3/9 3/8 4/8 5/8 6/8 7/8,300,18/7,False
294,1,right,27/08/2025 18:40:15,9/5,1/0/0,9 5 20 13,10,9/5 8/5 7/5 6/5,4/10 3/10 3/9 3/8 4/8 5/8 6/8,300,18/7,False
295,1,right,27/08/2025 18:40:15,10/5,1/0/0,10 5 19 13,10,10/5 9/5 8/5 7/5,5/10 4/10 3/10 3/9 3/8 4/8 5/8,300,18/7,False
296,1,right,27/08/2025 18:40:15,11/5,1/0/0,11 5 18 13,10,11/5 10/5 9/5 8/5,6/10 5/10 4/10 3/10 3/9 3/8 4/8,300,18/7,False
297,1,right,27/08/2025 18:40:15,12/5,1/0/0,12 5 17 13,10,12/5 11/5 10/5 9/5,7/10 6/10 5/10 4/10 3/10 3/9 3/8,300,18/7,False
298,1,right,27/08/2025 18:40:16,13/5,1/0/0,13 5 16 13,10,13/5 12/5 11/5 10/5,8/10 7/10 6/10 5/10 4/10 3/10 3/9,300,18/7,False
299,1,right,27/08/2025 18:40:16,14/5,1/0/0,14 5 15 13,10,14/5 13/5 12/5 11/5,9/10 8/10 7/10 6/10 5/10 4/10 3/10,300,18/7,False
300,1,right,27/08/2025 18:40:16,15/5,1/0/0,15 5 14 13,10,15/5 14/5 13/5 12/5,10/10 9/10 8/10 7/10 6/10 5/10 4/10,300,18/7,False
301,1,right,27/08/2025 18:40:16,16/5,1/0/0,16 5 13 13,10,16/5 15/5 14/5 13/5,11/10 10/10 9/10 8/10 7/10 6/10 5/10,300,18/7,False
302,1,right,27/08/2025 18:40:16,17/5,1/0/0,17 5 12 13,10,17/5 16/5 15/5 14/5,12/10 11/10 10/10 9/10 8/10 7/10 6/10,300,18/7,False
303,1,right,27/08/2025 18:40:17,18/5,1/0/0,18 5 11 13,10,18/5 17/5 16/5 15/5,13/10 12/10 11/10 10/10 9/10 8/10 7/10,300,18/7,False
304,1,down,27/08/2025 18:40:17,19/5,1/0/0,19 5 10 13,10,19/5 18/5 17/5 16/5,14/10 13/10 12/10 11/10 10/10 9/10 8/10,300,18/7,False
305,1,down,27/08/2025 18:40:17,19/6,0/0/-1,19 6 10 12,10,19/6 19/5 18/5 17/5,15/10 14/10 13/10 12/10 11/10 10/10 9/10,300,18/7,False
306,1,down,27/08/2025 18:40:17,19/7,0/0/-1,19 7 10 11,10,19/7 19/6 19/5 18/5,16/10 15/10 14/10 13/10 12/10 11/10 10/10,300,18/7,False
307,1,down,27/08/2025 18:40:17,19/8,0/0/-1,19 8 10 10,10,19/8 19/7 19/6 19/5,17/10 16/10 15/10 14/10 13/10 12/10 11/10,300,18/7,False
308,1,left,27/08/2025 18:40:18,19/9,0/0/-1,19 9 10 9,10,19/9 19/8 19/7 19/6,18/10 17/10 16/10 15/10 14/10 13/10 12/10,300,18/7,False
309,1,left,27/08/2025 18:40:18,18/9,-1/0/0,18 9 11 9,10,18/9 19/9 19/8 19/7,19/10 18/10 17/10 16/10 15/10 14/10 13/10,300,18/7,False
310,1,left,27/08/2025 18:40:18,17/9,-1/0/0,17 9 12 9,10,17/9 18/9 19/9 19/8,20/10 19/10 18/10 17/10 16/10 15/10 14/10,300,18/7,False
311,1,up,27/08/2025 18:40:18,16/9,-1/0/0,16 9 13 9,10,16/9 17/9 18/9 19/9,21/10 20/10 19/10 18/10 17/10 16/10 15/10,300,18/7,False
312,1,up,27/08/2025 18:40:18,16/8,0/0/1,16 8 13 10,10,16/8 16/9 17/9 18/9,22/10 21/10 20/10 19/10 18/10 17/10 16/10,300,18/7,False
313,1,right,27/08/2025 18:40:19,16/7,0/0/1,16 7 13 11,10,16/7 16/8 16/9 17/9,23/10 22/10 21/10 20/10 19/10 18/10 17/10,300,18/7,False
314,1,right,27/08/2025 18:40:19,17/7,1/0/0,17 7 12 11,10,17/7 16/7 16/8 16/9,24/10 23/10 22/10 21/10 20/10 19/10 18/10,300,18/7,False
315,1,right,27/08/2025 18:40:19,18/7,1/0/0,18 7 11 11,10,18/7 17/7 16/7,25/10 24/10 23/10 22/10 21/10 20/10 19/10,400,17/2,False
316,1,right,27/08/2025 18:40:19,19/7,1/0/0,19 7 10 11,10,19/7 18/7 17/7 16/7 16/8,25/11 25/10 24/10 23/10 22/10 21/10 20/10,400,17/2,False
317,1,right,27/08/2025 18:40:19,20/7,1/0/0,20 7 9 11,10,20/7 19/7 18/7 17/7 16/7,25/12 25/11 25/10 24/10 23/10 22/10 21/10,400,17/2,False
318,1,right,27/08/2025 18:40:20,21/7,1/0/0,21 7 8 11,10,21/7 20/7 19/7 18/7 17/7,24/12 25/12 25/11 25/10 24/10 23/10 22/10,400,17/2,False
319,1,right,27/08/2025 18:40:20,22/7,1/0/0,22 7 7 11,10,22/7 21/7 20/7 19/7 18/7,23/12 24/12 25/12 25/11 25/10 24/10 23/10,400,17/2,False
320,1,right,27/08/2025 18:40:20,23/7,1/0/0,23 7 6 11,10,23/7 22/7 21/7 20/7 19/7,22/12 23/12 24/12 25/12 25/11 25/10 24/10,400,17/2,False
321,1,right,27/08/2025 18:40:20,24/7,1/0/0,24 7 5 11,10,24/7 23/7 22/7 21/7 20/7,21/12 22/12 23/12 24/12 25/12 25/11 25/10,400,17/2,False
322,1,right,27/08/2025 18:40:20,25/7,1/0/0,25 7 4 11,10,25/7 24/7 23/7 22/7 21/7,21/11 21/12 22/12 23/12 24/12 25/12 25/11,400,17/2,True
323,1,right,27/08/2025 18:40:21,26/7,1/0/0,26 7 3 11,10,26/7 25/7 24/7 23/7 22/7,21/10 21/11 21/12 22/12 23/12 24/12 25/12,400,17/2,True
324,1,down,27/08/2025 18:40:21,27/7,1/0/0,27 7 2 11,10,27/7 26/7 25/7 24/7 23/7,21/9 21/10 21/11 21/12 22/12 23/12 24/12,400,17/2,True
325,1,down,27/08/2025 18:40:21,27/8,0/0/-1,27 8 2 10,10,27/8 27/7 26/7 25/7 24/7,21/8 21/9 21/10 21/11 21/12 22/12 23/12,400,17/2,False
326,1,down,27/08/2025 18:40:21,27/9,0/0/-1,27 9 2 9,10,27/9 27/8 27/7 26/7 25/7,21/7 21/8 21/9 21/10 21/11 21/12 22/12,400,17/2,False
327,1,down,27/08/2025 18:40:21,27/10,0/0/-1,27 10 2 8,10,27/10 27/9 27/8 27/7 26/7,21/6 21/7 21/8 21/9 21/10 21/11 21/12,400,17/2,False
328,1,down,27/08/2025 18:40:22,27/11,0/0/-1,27 11 2 7,10,27/11 27/10 27/9 27/8 27/7,21/5 21/6 21/7 21/8 21/9 21/10 21/11,400,17/2,False
329,1,down,27/08/2025 18:40:22,27/12,0/0/-1,27 12 2 6,10,27/12 27/11 27/10 27/9 27/8,21/4 21/5 21/6 21/7 21/8 21/9 21/10,400,17/2,False
330,1,down,27/08/2025 18:40:22,27/13,0/0/-1,27 13 2 5,10,27/13 27/12 27/11 27/10 27/9,21/3 21/4 21/5 21/6 21/7 21/8 21/9,400,17/2,True
331,1,down,27/08/2025 18:40:22,27/14,0/0/-1,27 14 2 4,10,27/14 27/13 27/12 27/11 27/10,21/2 21/3 21/4 21/5 21/6 21/7 21/8,400,17/2,True
332,1,left,27/08/2025 18:40:22,27/15,0/0/-1,27 15 2 3,10,27/15 27/14 27/13 27/12 27/11,20/2 21/2 21/3 21/4 21/5 21/6 21/7,400,17/2,True
333,1,left,27/08/2025 18:40:23,26/15,-1/0/0,26 15 3 3,10,26/15 27/15 27/14 27/13 27/12,19/2 20/2 21/2 21/3 21/4 21/5 21/6,400,17/2,False
334,1,left,27/08/2025 18:40:23,25/15,-1/0/0,25 15 4 3,10,25/15 26/15 27/15 27/14 27/13,18/2 19/2 20/2 21/2 21/3 21/4 21/5,400,17/2,False
335,1,left,27/08/2025 18:40:23,24/15,-1/0/0,24 15 5 3,10,24/15 25/15 26/15 27/15 27/14,17/2 18/2 19/2 20/2 21/2 21/3,400,3/5,False
336,1,left,27/08/2025 18:40:23,23/15,-1/0/0,23 15 6 3,10,23/15 24/15 25/15 26/15 27/15,16/2 17/2 18/2 19/2 20/2 21/2 21/3 21/4,400,3/5,False
337,1,left,27/08/2025 18:40:23,22/15,-1/0/0,22 15 7 3,10,22/15 23/15 24/15 25/15 26/15,15/2 16/2 17/2 18/2 19/2 20/2 21/2 21/3,400,3/5,False
338,1,left,27/08/2025 18:40:24,21/15,-1/0/0,21 15 8 3,10,21/15 22/15 23/15 24/15 25/15,14/2 15/2 16/2 17/2 18/2 19/2 20/2 21/2,400,3/5,False
339,1,left,27/08/2025 18:40:24,20/15,-1/0/0,20 15 9 3,10,20/15 21/15 22/15 23/15 24/15,13/2 14/2 15/2 16/2 17/2 18/2 19/2 20/2,400,3/5,False
340,1,left,27/08/2025 18:40:24,19/15,-1/0/0,19 15 10 3,10,19/15 20/15 21/15 22/15 23/15,12/2 13/2 14/2 15/2 16/2 17/2 18/2 19/2,400,3/5,False
341,1,left,27/08/2025 18:40:24,18/15,-1/0/0,18 15 11 3,10,18/15 19/15 20/15 21/15 22/15,11/2 12/2 13/2 14/2 15/2 16/2 17/2 18/2,400,3/5,False
342,1,left,27/08/2025 18:40:24,17/15,-1/0/0,17 15 12 3,10,17/15 18/15 19/15 20/15 21/15,10/2 11/2 12/2 13/2 14/2 15/2 16/2 17/2,400,3/5,False
343,1,left,27/08/2025 18:40:25,16/15,-1/0/0,16 15 13 3,10,16/15 17/15 18/15 19/15 20/15,9/2 10/2 11/2 12/2 13/2 14/2 15/2 16/2,400,3/5,False
344,1,left,27/08/2025 18:40:25,15/15,-1/0/0,15 15 14 3,10,15/15 16/15 17/15 18/15 19/15,8/2 9/2 10/2 11/2 12/2 13/2 14/2 15/2,400,3/5,False
345,1,left,27/08/2025 18:40:25,14/15,-1/0/0,14 15 15 3,10,14/15 15/15 16/15 17/15 18/15,7/2 8/2 9/2 10/2 11/2 12/2 13/2 14/2,400,3/5,False
346,1,left,27/08/2025 18:40:25,13/15,-1/0/0,13 15 16 3,10,13/15 14/15 15/15 16/15 17/15,6/2 7/2 8/2 9/2 10/2 11/2 12/2 13/2,400,3/5,False
347,1,left,27/08/2025 18:40:25,12/15,-1/0/0,12 15 17 3,10,12/15 13/15 14/15 15/15 16/15,5/2 6/2 7/2 8/2 9/2 10/2 11/2 12/2,400,3/5,False
348,1,left,27/08/2025 18:40:26,11/15,-1/0/0,11 15 18 3,10,11/15 12/15 13/15 14/15 15/15,4/2 5/2 6/2 7/2 8/2 9/2 10/2 11/2,400,3/5,False
349,1,left,27/08/2025 18:40:26,10/15,-1/0/0,10 15 19 3,10,10/15 11/15 12/15 13/15 14/15,3/2 4/2 5/2 6/2 7/2 8/2 9/2 10/2,400,3/5,False
350,1,left,27/08/2025 18:40:26,9/15,-1/0/0,9 15 20 3,10,9/15 10/15 11/15 12/15 13/15,3/3 3/2 4/2 5/2 6/2 7/2 8/2 9/2,400,3/5,False
351,1,left,27/08/2025 18:40:26,8/15,-1/0/0,8 15 21 3,10,8/15 9/15 10/15 11/15 12/15,3/4 3/3 3/2 4/2 5/2 6/2 7/2 8/2,400,3/5,False
352,1,left,27/08/2025 18:40:27,7/15,-1/0/0,7 15 22 3,10,7/15 8/15 9/15 10/15 11/15,3/5 3/4 3/3 3/2 4/2 5/2 6/2,400,5/12,False
353,1,left,27/08/2025 18:40:27,6/15,-1/0/0,6 15 23 3,10,6/15 7/15 8/15 9/15 10/15,4/5 3/5 3/4 3/3 3/2 4/2 5/2 6/2 7/2,400,5/12,False
354,1,left,27/08/2025 18:40:27,5/15,-1/0/0,5 15 24 3,10,5/15 6/15 7/15 8/15 9/15,5/5 4/5 3/5 3/4 3/3 3/2 4/2 5/2 6/2,400,5/12,False
355,1,up,27/08/2025 18:40:27,4/15,-1/0/0,4 15 25 3,10,4/15 5/15 6/15 7/15 8/15,6/5 5/5 4/5 3/5 3/4 3/3 3/2 4/2 5/2,400,5/12,True
356,1,up,27/08/2025 18:40:27,4/14,0/0/1,4 14 25 4,10,4/14 4/15 5/15 6/15 7/15,7/5 6/5 5/5 4/5 3/5 3/4 3/3 3/2 4/2,400,5/12,False
357,1,right,27/08/2025 18:40:28,4/13,0/0/1,4 13 25 5,10,4/13 4/14 4/15 5/15 6/15,8/5 7/5 6/5 5/5 4/5 3/5 3/4 3/3 3/2,400,5/12,False
358,1,right,27/08/2025 18:40:28,5/13,1/0/0,5 13 24 5,10,5/13 4/13 4/14 4/15 5/15,9/5 8/5 7/5 6/5 5/5 4/5 3/5 3/4 3/3,400,5/12,False
359,1,up,27/08/2025 18:40:28,6/13,1/0/0,6 13 23 5,10,6/13 5/13 4/13 4/14 4/15,10/5 9/5 8/5 7/5 6/5 5/5 4/5 3/5 3/4,400,5/12,False
360,1,up,27/08/2025 18:40:28,6/12,0/0/1,6 12 23 6,10,6/12 6/13 5/13 4/13 4/14,11/5 10/5 9/5 8/5 7/5 6/5 5/5 4/5 3/5,400,5/12,False
361,1,left,27/08/2025 18:40:28,6/11,0/0/1,6 11 23 7,10,6/11 6/12 6/13 5/13 4/13,12/5 11/5 10/5 9/5 8/5 7/5 6/5 5/5 4/5,400,5/12,False
362,1,left,27/08/2025 18:40:29,5/11,-1/0/0,5 11 24 7,10,5/11 6/11 6/12 6/13 5/13,13/5 12/5 11/5 10/5 9/5 8/5 7/5 6/5 5/5,400,5/12,False
363,1,left,27/08/2025 18:40:29,4/11,-1/0/0,4 11 25 7,10,4/11 5/11 6/11 6/12 6/13,14/5 13/5 12/5 11/5 10/5 9/5 8/5 7/5 6/5,400,5/12,True
364,1,down,27/08/2025 18:40:29,3/11,-1/0/0,3 11 26 7,10,3/11 4/11 5/11 6/11 6/12,15/5 14/5 13/5 12/5 11/5 10/5 9/5 8/5 7/5,400,5/12,True
365,1,down,27/08/2025 18:40:29,3/12,0/0/-1,3 12 26 6,10,3/12 3/11 4/11 5/11 6/11,16/5 15/5 14/5 13/5 12/5 11/5 10/5 9/5 8/5,400,5/12,False
366,1,right,27/08/2025 18:40:29,3/13,0/0/-1,3 13 26 5,10,3/13 3/12 3/11 4/11 5/11,17/5 16/5 15/5 14/5 13/5 12/5 11/5 10/5 9/5,400,5/12,True
367,1,right,27/08/2025 18:40:30,4/13,1/0/0,4 13 25 5,10,4/13 3/13 3/12 3/11 4/11,18/5 17/5 16/5 15/5 14/5 13/5 12/5 11/5 10/5,400,5/12,False
368,1,up,27/08/2025 18:40:30,5/13,1/0/0,5 13 24 5,10,5/13 4/13 3/13 3/12 3/11,19/5 18/5 17/5 16/5 15/5 14/5 13/5 12/5 11/5,400,5/12,False
369,1,up,27/08/2025 18:40:30,5/12,0/0/1,5 12 24 6,10,5/12 5/13 4/13 3/13,20/5 19/5 18/5 17/5 16/5 15/5 14/5 13/5 12/5,500,21/14,False
370,1,up,27/08/2025 18:40:30,5/11,0/0/1,5 11 24 7,10,5/11 5/12 5/13 4/13 3/13 3/12,21/5 20/5 19/5 18/5 17/5 16/5 15/5 14/5 13/5,500,21/14,False
371,1,right,27/08/2025 18:40:30,5/10,0/0/1,5 10 24 8,10,5/10 5/11 5/12 5/13 4/13 3/13,22/5 21/5 20/5 19/5 18/5 17/5 16/5 15/5 14/5,500,21/14,False
372,1,right,27/08/2025 18:40:31,6/10,1/0/0,6 10 23 8,10,6/10 5/10 5/11 5/12 5/13 4/13,23/5 22/5 21/5 20/5 19/5 18/5 17/5 16/5 15/5,500,21/14,False
373,1,right,27/08/2025 18:40:31,7/10,1/0/0,7 10 22 8,10,7/10 6/10 5/10 5/11 5/12 5/13,24/5 23/5 22/5 21/5 20/5 19/5 18/5 17/5 16/5,500,21/14,False
374,1,right,27/08/2025 18:40:31,8/10,1/0/0,8 10 21 8,10,8/10 7/10 6/10 5/10 5/11 5/12,24/6 24/5 23/5 22/5 21/5 20/5 19/5 18/5 17/5,500,21/14,False
375,1,right,27/08/2025 18:40:31,9/10,1/0/0,9 10 20 8,10,9/10 8/10 7/10 6/10 5/10 5/11,24/7 24/6 24/5 23/5 22/5 21/5 20/5 19/5 18/5,500,21/14,False
376,1,right,27/08/2025 18:40:31,10/10,1/0/0,10 10 19 8,10,10/10 9/10 8/10 7/10 6/10 5/10,24/8 24/7 24/6 24/5 23/5 22/5 21/5 20/5 19/5,500,21/14,False
377,1,right,27/08/2025 18:40:32,11/10,1/0/0,11 10 18 8,10,11/10 10/10 9/10 8/10 7/10 6/10,24/9 24/8 24/7 24/6 24/5 23/5 22/5 21/5 20/5,500,21/14,False
378,1,right,27/08/2025 18:40:32,12/10,1/0/0,12 10 17 8,10,12/10 11/10 10/10 9/10 8/10 7/10,24/10 24/9 24/8 24/7 24/6 24/5 23/5 22/5 21/5,500,21/14,False
379,1,right,27/08/2025 18:40:32,13/10,1/0/0,13 10 16 8,10,13/10 12/10 11/10 10/10 9/10 8/10,24/11 24/10 24/9 24/8 24/7 24/6 24/5 23/5 22/5,500,21/14,False
380,1,right,27/08/2025 18:40:32,14/10,1/0/0,14 10 15 8,10,14/10 13/10 12/10 11/10 10/10 9/10,24/12 24/11 24/10 24/9 24/8 24/7 24/6 24/5 23/5,500,21/14,False
381,1,right,27/08/2025 18:40:32,15/10,1/0/0,15 10 14 8,10,15/10 14/10 13/10 12/10 11/10 10/10,24/13 24/12 24/11 24/10 24/9 24/8 24/7 24/6 24/5,500,21/14,False
382,1,right,27/08/2025 18:40:33,16/10,1/0/0,16 10 13 8,10,16/10 15/10 14/10 13/10 12/10 11/10,23/13 24/13 24/12 24/11 24/10 24/9 24/8 24/7 24/6,500,21/14,False
383,1,right,27/08/2025 18:40:33,17/10,1/0/0,17 10 12 8,10,17/10 16/10 15/10 14/10 13/10 12/10,22/13 23/13 24/13 24/12 24/11 24/10 24/9 24/8 24/7,500,21/14,False
384,1,right,27/08/2025 18:40:33,18/10,1/0/0,18 10 11 8,10,18/10 17/10 16/10 15/10 14/10 13/10,22/14 22/13 23/13 24/13 24/12 24/11 24/10 24/9 24/8,500,21/14,False
385,1,right,27/08/2025 18:40:33,19/10,1/0/0,19 10 10 8,10,19/10 18/10 17/10 16/10 15/10 14/10,21/14 22/14 22/13 23/13 24/13 24/12 24/11 24/10,500,3/16,False
386,1,right,27/08/2025 18:40:33,20/10,1/0/0,20 10 9 8,10,20/10 19/10 18/10 17/10 16/10 15/10,20/14 21/14 22/14 22/13 23/13 24/13 24/12 24/11 24/10 24/9,500,3/16,True
387,1,up,27/08/2025 18:40:34,21/10,1/0/0,21 10 8 8,10,21/10 20/10 19/10 18/10 17/10 16/10,19/14 20/14 21/14 22/14 22/13 23/13 24/13 24/12 24/11 24/10,500,3/16,True
388,1,up,27/08/2025 18:40:34,21/9,0/0/1,21 9 8 9,10,21/9 21/10 20/10 19/10 18/10 17/10,18/14 19/14 20/14 21/14 22/14 22/13 23/13 24/13 24/12 24/11,500,3/16,False
389,1,left,27/08/2025 18:40:34,21/8,0/0/1,21 8 8 10,10,21/8 21/9 21/10 20/10 19/10 18/10,17/14 18/14 19/14 20/14 21/14 22/14 22/13 23/13 24/13 24/12,500,3/16,False
390,1,left,27/08/2025 18:40:34,20/8,-1/0/0,20 8 9 10,10,20/8 21/8 21/9 21/10 20/10 19/10,16/14 17/14 18/14 19/14 20/14 21/14 22/14 22/13 23/13 24/13,500,3/16,False
391,1,left,27/08/2025 18:40:34,19/8,-1/0/0,19 8 10 10,10,19/8 20/8 21/8 21/9 21/10 20/10,15/14 16/14 17/14 18/14 19/14 20/14 21/14 22/14 22/13 23/13,500,3/16,False
392,1,left,27/08/2025 18:40:35,18/8,-1/0/0,18 8 11 10,10,18/8 19/8 20/8 21/8 21/9 21/10,14/14 15/14 16/14 17/14 18/14 19/14 20/14 21/14 22/14 22/13,500,3/16,False
393,1,left,27/08/2025 18:40:35,17/8,-1/0/0,17 8 12 10,10,17/8 18/8 19/8 20/8 21/8 21/9,13/14 14/14 15/14 16/14 17/14 18/14 19/14 20/14 21/14 22/14,500,3/16,False
394,1,left,27/08/2025 18:40:35,16/8,-1/0/0,16 8 13 10,10,16/8 17/8 18/8 19/8 20/8 21/8,12/14 13/14 14/14 15/14 16/14 17/14 18/14 19/14 20/14 21/14,500,3/16,False
395,1,left,27/08/2025 18:40:35,15/8,-1/0/0,15 8 14 10,10,15/8 16/8 17/8 18/8 19/8 20/8,11/14 12/14 13/14 14/14 15/14 16/14 17/14 18/14 19/14 20/14,500,3/16,False
396,1,left,27/08/2025 18:40:35,14/8,-1/0/0,14 8 15 10,10,14/8 15/8 16/8 17/8 18/8 19/8,10/14 11/14 12/14 13/14 14/14 15/14 16/14 17/14 18/14 19/14,500,3/16,False
397,1,left,27/08/2025 18:40:36,13/8,-1/0/0,13 8 16 10,10,13/8 14/8 15/8 16/8 17/8 18/8,9/14 10/14 11/14 12/14 13/14 14/14 15/14 16/14 17/14 18/14,500,3/16,False
398,1,left,27/08/2025 18:40:36,12/8,-1/0/0,12 8 17 10,10,12/8 13/8 14/8 15/8 16/8 17/8,8/14 9/14 10/14 11/14 12/14 13/14 14/14 15/14 16/14 17/14,500,3/16,False
399,1,left,27/08/2025 18:40:36,11/8,-1/0/0,11 8 18 10,10,11/8 12/8 13/8 14/8 15/8 16/8,8/15 8/14 9/14 10/14 11/14 12/14 13/14 14/14 15/14 16/14,500,3/16,False
400,1,left,27/08/2025 18:40:36,10/8,-1/0/0,10 8 19 10,10,10/8 11/8 12/8 13/8 14/8 15/8,8/16 8/15 8/14 9/14 10/14 11/14 12/14 13/14 14/14 15/14,500,3/16,False
401,1,left,27/08/2025 18:40:36,9/8,-1/0/0,9 8 20 10,10,9/8 10/8 11/8 12/8 13/8 14/8,7/16 8/16 8/15 8/14 9/14 10/14 11/14 12/14 13/14 14/14,500,3/16,False
402,1,left,27/08/2025 18:40:37,8/8,-1/0/0,8 8 21 10,10,8/8 9/8 10/8 11/8 12/8 13/8,6/16 7/16 8/16 8/15 8/14 9/14 10/14 11/14 12/14 13/14,500,3/16,False
403,1,left,27/08/2025 18:40:37,7/8,-1/0/0,7 8 22 10,10,7/8 8/8 9/8 10/8 11/8 12/8,5/16 6/16 7/16 8/16 8/15 8/14 9/14 10/14 11/14 12/14,500,3/16,False
404,1,left,27/08/2025 18:40:37,6/8,-1/0/0,6 8 23 10,10,6/8 7/8 8/8 9/8 10/8 11/8,4/16 5/16 6/16 7/16 8/16 8/15 8/14 9/14 10/14 11/14,500,3/16,False
405,1,left,27/08/2025 18:40:37,5/8,-1/0/0,5 8 24 10,10,5/8 6/8 7/8 8/8 9/8 10/8,3/16 4/16 5/16 6/16 7/16 8/16 8/15 8/14 9/14,500,13/14,False
406,1,left,27/08/2025 18:40:37,4/8,-1/0/0,4 8 25 10,10,4/8 5/8 6/8 7/8 8/8 9/8,3/15 3/16 4/16 5/16 6/16 7/16 8/16 8/15 8/14 9/14 10/14,500,13/14,True
407,1,left,27/08/2025 18:40:38,3/8,-1/0/0,3 8 26 10,10,3/8 4/8 5/8 6/8 7/8 8/8,3/14 3/15 3/16 4/16 5/16 6/16 7/16 8/16 8/15 8/14 9/14,500,13/14,True
408,1,left,27/08/2025 18:40:38,2/8,-1/0/0,2 8 27 10,10,2/8 3/8 4/8 5/8 6/8 7/8,4/14 3/14 3/15 3/16 4/16 5/16 6/16 7/16 8/16 8/15 8/14,500,13/14,True
409,1,left,27/08/2025 18:40:38,1/8,-1/0/0,1 8 28 10,10,1/8 2/8 3/8 4/8 5/8 6/8,5/14 4/14 3/14 3/15 3/16 4/16 5/16 6/16 7/16 8/16 8/15,500,13/14,True
410,1,left,27/08/2025 18:40:40,0/8,-1/0/0,0 8 29 10,10,26/9 27/9 28/9,4/9 3/9 2/9,300,18/8,True
411,1,left,27/08/2025 18:40:40,25/9,-1/0/0,25 9 4 9,10,25/9 26/9 27/9,5/9 4/9 3/9,300,18/8,False
412,1,left,27/08/2025 18:40:40,24/9,-1/0/0,24 9 5 9,10,24/9 25/9 26/9,6/9 5/9 4/9,300,18/8,False
413,1,left,27/08/2025 18:40:40,23/9,-1/0/0,23 9 6 9,10,23/9 24/9 25/9,7/9 6/9 5/9,300,18/8,False
414,1,left,27/08/2025 18:40:40,22/9,-1/0/0,22 9 7 9,10,22/9 23/9 24/9,8/9 7/9 6/9,300,18/8,False
415,1,left,27/08/2025 18:40:41,21/9,-1/0/0,21 9 8 9,10,21/9 22/9 23/9,9/9 8/9 7/9,300,18/8,False
416,1,left,27/08/2025 18:40:41,20/9,-1/0/0,20 9 9 9,10,20/9 21/9 22/9,10/9 9/9 8/9,300,18/8,False
417,1,up,27/08/2025 18:40:41,19/9,-1/0/0,19 9 10 9,10,19/9 20/9 21/9,11/9 10/9 9/9,300,18/8,False
418,1,up,27/08/2025 18:40:41,19/8,0/0/1,19 8 10 10,10,19/8 19/9 20/9,12/9 11/9 10/9,300,18/8,False
419,1,left,27/08/2025 18:40:41,19/7,0/0/1,19 7 10 11,10,19/7 19/8 19/9,13/9 12/9 11/9,300,18/8,False
420,1,left,27/08/2025 18:40:42,18/7,-1/0/0,18 7 11 11,10,18/7 19/7 19/8,14/9 13/9 12/9,300,18/8,False
421,1,left,27/08/2025 18:40:42,17/7,-1/0/0,17 7 12 11,10,17/7 18/7 19/7,15/9 14/9 13/9,300,18/8,False
422,1,left,27/08/2025 18:40:42,16/7,-1/0/0,16 7 13 11,10,16/7 17/7 18/7,16/9 15/9 14/9,300,18/8,False
423,1,left,27/08/2025 18:40:42,15/7,-1/0/0,15 7 14 11,10,15/7 16/7 17/7,17/9 16/9 15/9,300,18/8,False
424,1,left,27/08/2025 18:40:42,14/7,-1/0/0,14 7 15 11,10,14/7 15/7 16/7,18/9 17/9 16/9,300,18/8,False
425,1,left,27/08/2025 18:40:43,13/7,-1/0/0,13 7 16 11,10,13/7 14/7 15/7,19/9 18/9 17/9,300,18/8,False
426,1,left,27/08/2025 18:40:43,12/7,-1/0/0,12 7 17 11,10,12/7 13/7 14/7,19/8 19/9 18/9,300,18/8,False
427,1,left,27/08/2025 18:40:43,11/7,-1/0/0,11 7 18 11,10,11/7 12/7 13/7,19/7 19/8 19/9,300,18/8,False
428,1,left,27/08/2025 18:40:43,10/7,-1/0/0,10 7 19 11,10,10/7 11/7 12/7,18/7 19/7 19/8,300,18/8,False
429,1,left,27/08/2025 18:40:43,9/7,-1/0/0,9 7 20 11,10,9/7 10/7 11/7,17/7 18/7 19/7,300,18/8,False
430,1,left,27/08/2025 18:40:44,8/7,-1/0/0,8 7 21 11,10,8/7 9/7 10/7,16/7 17/7 18/7,300,18/8,False
431,1,left,27/08/2025 18:40:44,7/7,-1/0/0,7 7 22 11,10,7/7 8/7 9/7,16/8 16/7 17/7,300,18/8,False
432,1,left,27/08/2025 18:40:44,6/7,-1/0/0,6 7 23 11,10,6/7 7/7 8/7,17/8 16/8 16/7,300,18/8,False
433,1,left,27/08/2025 18:40:44,5/7,-1/0/0,5 7 24 11,10,5/7 6/7 7/7,18/8 17/8,300,19/14,False
434,1,up,27/08/2025 18:40:44,4/7,-1/0/0,4 7 25 11,10,4/7 5/7 6/7,19/8 18/8 17/8 16/8,300,19/14,True
435,1,right,27/08/2025 18:40:45,4/6,0/0/1,4 6 25 12,10,4/6 4/7 5/7,20/8 19/8 18/8 17/8,300,19/14,False
436,1,right,27/08/2025 18:40:45,5/6,1/0/0,5 6 24 12,10,5/6 4/6 4/7,21/8 20/8 19/8 18/8,300,19/14,False
437,1,right,27/08/2025 18:40:45,6/6,1/0/0,6 6 23 12,10,6/6 5/6 4/6,22/8 21/8 20/8 19/8,300,19/14,False
438,1,right,27/08/2025 18:40:45,7/6,1/0/0,7 6 22 12,10,7/6 6/6 5/6,23/8 22/8 21/8 20/8,300,19/14,False
439,1,right,27/08/2025 18:40:45,8/6,1/0/0,8 6 21 12,10,8/6 7/6 6/6,23/9 23/8 22/8 21/8,300,19/14,False
440,1,right,27/08/2025 18:40:46,9/6,1/0/0,9 6 20 12,10,9/6 8/6 7/6,23/10 23/9 23/8 22/8,300,19/14,False
441,1,right,27/08/2025 18:40:46,10/6,1/0/0,10 6 19 12,10,10/6 9/6 8/6,23/11 23/10 23/9 23/8,300,19/14,False
442,1,right,27/08/2025 18:40:46,11/6,1/0/0,11 6 18 12,10,11/6 10/6 9/6,23/12 23/11 23/10 23/9,300,19/14,False
443,1,right,27/08/2025 18:40:46,12/6,1/0/0,12 6 17 12,10,12/6 11/6 10/6,23/13 23/12 23/11 23/10,300,19/14,False
444,1,right,27/08/2025 18:40:46,13/6,1/0/0,13 6 16 12,10,13/6 12/6 11/6,23/14 23/13 23/12 23/11,300,19/14,False
445,1,right,27/08/2025 18:40:47,14/6,1/0/0,14 6 15 12,10,14/6 13/6 12/6,22/14 23/14 23/13 23/12,300,19/14,False
446,1,right,27/08/2025 18:40:47,15/6,1/0/0,15 6 14 12,10,15/6 14/6 13/6,21/14 22/14 23/14 23/13,300,19/14,False
447,1,right,27/08/2025 18:40:47,16/6,1/0/0,16 6 13 12,10,16/6 15/6 14/6,20/14 21/14 22/14 23/14,300,19/14,False
448,1,right,27/08/2025 18:40:47,17/6,1/0/0,17 6 12 12,10,17/6 16/6 15/6,19/14 20/14 21/14,300,13/17,False
449,1,right,27/08/2025 18:40:47,18/6,1/0/0,18 6 11 12,10,18/6 17/6 16/6,18/14 19/14 20/14 21/14 22/14,300,13/17,False
450,1,right,27/08/2025 18:40:48,19/6,1/0/0,19 6 10 12,10,19/6 18/6 17/6,17/14 18/14 19/14 20/14 21/14,300,13/17,False
451,1,right,27/08/2025 18:40:48,20/6,1/0/0,20 6 9 12,10,20/6 19/6 18/6,17/15 17/14 18/14 19/14 20/14,300,13/17,False
452,1,right,27/08/2025 18:40:48,21/6,1/0/0,21 6 8 12,10,21/6 20/6 19/6,17/16 17/15 17/14 18/14 19/14,300,13/17,False
453,1,right,27/08/2025 18:40:48,22/6,1/0/0,22 6 7 12,10,22/6 21/6 20/6,17/17 17/16 17/15 17/14 18/14,300,13/17,False
454,1,right,27/08/2025 18:40:48,23/6,1/0/0,23 6 6 12,10,23/6 22/6 21/6,16/17 17/17 17/16 17/15 17/14,300,13/17,False
455,1,right,27/08/2025 18:40:49,24/6,1/0/0,24 6 5 12,10,24/6 23/6 22/6,15/17 16/17 17/17 17/16 17/15,300,13/17,False
456,1,right,27/08/2025 18:40:49,25/6,1/0/0,25 6 4 12,10,25/6 24/6 23/6,14/17 15/17 16/17 17/17 17/16,300,13/17,True
457,1,up,27/08/2025 18:40:49,26/6,1/0/0,26 6 3 12,10,26/6 25/6 24/6,13/17 14/17 15/17 16/17,300,3/2,True
458,1,up,27/08/2025 18:40:49,26/5,0/0/1,26 5 3 13,10,26/5 26/6 25/6,12/17 13/17 14/17 15/17 16/17 17/17,300,3/2,True
459,1,up,27/08/2025 18:40:49,26/4,0/0/1,26 4 3 14,10,26/4 26/5 26/6,11/17 12/17 13/17 14/17 15/17 16/17,300,3/2,True
460,1,left,27/08/2025 18:40:50,26/3,0/0/1,26 3 3 15,10,26/3 26/4 26/5,10/17 11/17 12/17 13/17 14/17 15/17,300,3/2,True
461,1,left,27/08/2025 18:40:50,25/3,-1/0/0,25 3 4 15,10,25/3 26/3 26/4,9/17 10/17 11/17 12/17 13/17 14/17,300,3/2,False
462,1,left,27/08/2025 18:40:50,24/3,-1/0/0,24 3 5 15,10,24/3 25/3 26/3,8/17 9/17 10/17 11/17 12/17 13/17,300,3/2,False
463,1,left,27/08/2025 18:40:50,23/3,-1/0/0,23 3 6 15,10,23/3 24/3 25/3,7/17 8/17 9/17 10/17 11/17 12/17,300,3/2,False
464,1,left,27/08/2025 18:40:50,22/3,-1/0/0,22 3 7 15,10,22/3 23/3 24/3,6/17 7/17 8/17 9/17 10/17 11/17,300,3/2,False
465,1,left,27/08/2025 18:40:51,21/3,-1/0/0,21 3 8 15,10,21/3 22/3 23/3,6/16 6/17 7/17 8/17 9/17 10/17,300,3/2,False
466,1,left,27/08/2025 18:40:51,20/3,-1/0/0,20 3 9 15,10,20/3 21/3 22/3,6/15 6/16 6/17 7/17 8/17 9/17,300,3/2,False
467,1,left,27/08/2025 18:40:51,19/3,-1/0/0,19 3 10 15,10,19/3 20/3 21/3,7/15 6/15 6/16 6/17 7/17 8/17,300,3/2,False
468,1,left,27/08/2025 18:40:51,18/3,-1/0/0,18 3 11 15,10,18/3 19/3 20/3,8/15 7/15 6/15 6/16 6/17 7/17,300,3/2,False
469,1,left,27/08/2025 18:40:51,17/3,-1/0/0,17 3 12 15,10,17/3 18/3 19/3,9/15 8/15 7/15 6/15 6/16 6/17,300,3/2,False
470,1,up,27/08/2025 18:40:52,16/3,-1/0/0,16 3 13 15,10,16/3 17/3 18/3,10/15 9/15 8/15 7/15 6/15 6/16,300,3/2,False
471,1,up,27/08/2025 18:40:52,16/2,0/0/1,16 2 13 16,10,16/2 16/3 17/3,11/15 10/15 9/15 8/15 7/15 6/15,300,3/2,True
472,1,left,27/08/2025 18:40:52,16/1,0/0/1,16 1 13 17,10,16/1 16/2 16/3,12/15 11/15 10/15 9/15 8/15 7/15,300,3/2,True
473,1,left,27/08/2025 18:40:52,15/1,-1/0/0,15 1 14 17,10,15/1 16/1 16/2,13/15 12/15 11/15 10/15 9/15 8/15,300,3/2,False
474,1,left,27/08/2025 18:40:52,14/1,-1/0/0,14 1 15 17,10,14/1 15/1 16/1,14/15 13/15 12/15 11/15 10/15 9/15,300,3/2,False
475,1,left,27/08/2025 18:40:53,13/1,-1/0/0,13 1 16 17,10,13/1 14/1 15/1,15/15 14/15 13/15 12/15 11/15 10/15,300,3/2,False
476,1,left,27/08/2025 18:40:53,12/1,-1/0/0,12 1 17 17,10,12/1 13/1 14/1,16/15 15/15 14/15 13/15 12/15 11/15,300,3/2,False
477,1,left,27/08/2025 18:40:53,11/1,-1/0/0,11 1 18 17,10,11/1 12/1 13/1,17/15 16/15 15/15 14/15 13/15 12/15,300,3/2,False
478,1,left,27/08/2025 18:40:53,10/1,-1/0/0,10 1 19 17,10,10/1 11/1 12/1,18/15 17/15 16/15 15/15 14/15 13/15,300,3/2,False
479,1,left,27/08/2025 18:40:53,9/1,-1/0/0,9 1 20 17,10,9/1 10/1 11/1,19/15 18/15 17/15 16/15 15/15 14/15,300,3/2,False
480,1,left,27/08/2025 18:40:54,8/1,-1/0/0,8 1 21 17,10,8/1 9/1 10/1,20/15 19/15 18/15 17/15 16/15 15/15,300,3/2,False
481,1,left,27/08/2025 18:40:54,7/1,-1/0/0,7 1 22 17,10,7/1 8/1 9/1,21/15 20/15 19/15 18/15 17/15 16/15,300,3/2,False
482,1,left,27/08/2025 18:40:54,6/1,-1/0/0,6 1 23 17,10,6/1 7/1 8/1,22/15 21/15 20/15 19/15 18/15 17/15,300,3/2,False
483,1,left,27/08/2025 18:40:54,5/1,-1/0/0,5 1 24 17,10,5/1 6/1 7/1,23/15 22/15 21/15 20/15 19/15 18/15,300,3/2,False
484,1,left,27/08/2025 18:40:54,4/1,-1/0/0,4 1 25 17,10,4/1 5/1 6/1,23/14 23/15 22/15 21/15 20/15 19/15,300,3/2,True
485,1,down,27/08/2025 18:40:55,3/1,-1/0/0,3 1 26 17,10,3/1 4/1 5/1,23/13 23/14 23/15 22/15 21/15 20/15,300,3/2,True
486,1,down,27/08/2025 18:40:55,3/2,0/0/-1,3 2 26 16,10,3/2 3/1,23/12 23/13 23/14 23/15 22/15 21/15,400,13/5,False
487,1,down,27/08/2025 18:40:55,3/3,0/0/-1,3 3 26 15,10,3/3 3/2 3/1 4/1,23/11 23/12 23/13 23/14 23/15 22/15,400,13/5,False
488,1,down,27/08/2025 18:40:55,3/4,0/0/-1,3 4 26 14,10,3/4 3/3 3/2 3/1,23/10 23/11 23/12 23/13 23/14 23/15,400,13/5,False
489,1,right,27/08/2025 18:40:55,3/5,0/0/-1,3 5 26 13,10,3/5 3/4 3/3 3/2,23/9 23/10 23/11 23/12 23/13 23/14,400,13/5,False
490,1,right,27/08/2025 18:40:56,4/5,1/0/0,4 5 25 13,10,4/5 3/5 3/4 3/3,23/8 23/9 23/10 23/11 23/12 23/13,400,13/5,False
491,1,right,27/08/2025 18:40:56,5/5,1/0/0,5 5 24 13,10,5/5 4/5 3/5 3/4,23/7 23/8 23/9 23/10 23/11 23/12,400,13/5,False
492,1,right,27/08/2025 18:40:56,6/5,1/0/0,6 5 23 13,10,6/5 5/5 4/5 3/5,23/6 23/7 23/8 23/9 23/10 23/11,400,13/5,False
493,1,right,27/08/2025 18:40:56,7/5,1/0/0,7 5 22 13,10,7/5 6/5 5/5 4/5,23/5 23/6 23/7 23/8 23/9 23/10,400,13/5,False
494,1,right,27/08/2025 18:40:56,8/5,1/0/0,8 5 21 13,10,8/5 7/5 6/5 5/5,23/4 23/5 23/6 23/7 23/8 23/9,400,13/5,False
495,1,right,27/08/2025 18:40:57,9/5,1/0/0,9 5 20 13,10,9/5 8/5 7/5 6/5,22/4 23/4 23/5 23/6 23/7 23/8,400,13/5,False
496,1,right,27/08/2025 18:40:57,10/5,1/0/0,10 5 19 13,10,10/5 9/5 8/5 7/5,21/4 22/4 23/4 23/5 23/6 23/7,400,13/5,False
497,1,right,27/08/2025 18:40:57,11/5,1/0/0,11 5 18 13,10,11/5 10/5 9/5 8/5,20/4 21/4 22/4 23/4 23/5 23/6,400,13/5,False
498,1,right,27/08/2025 18:40:57,12/5,1/0/0,12 5 17 13,10,12/5 11/5 10/5 9/5,19/4 20/4 21/4 22/4 23/4 23/5,400,13/5,False
499,1,right,27/08/2025 18:40:57,13/5,1/0/0,13 5 16 13,10,13/5 12/5 11/5,19/3 19/4 20/4 21/4 22/4 23/4,500,14/4,False
500,1,right,27/08/2025 18:40:58,14/5,1/0/0,14 5 15 13,10,14/5 13/5 12/5 11/5 10/5,18/3 19/3 19/4 20/4 21/4 22/4,500,14/4,False
501,1,right,27/08/2025 18:40:58,15/5,1/0/0,15 5 14 13,10,15/5 14/5 13/5 12/5 11/5,17/3 18/3 19/3 19/4 20/4 21/4,500,14/4,False
502,1,right,27/08/2025 18:40:58,16/5,1/0/0,16 5 13 13,10,16/5 15/5 14/5 13/5 12/5,16/3 17/3 18/3 19/3 19/4 20/4,500,14/4,False
503,1,right,27/08/2025 18:40:58,17/5,1/0/0,17 5 12 13,10,17/5 16/5 15/5 14/5 13/5,15/3 16/3 17/3 18/3 19/3 19/4,500,14/4,False
504,1,right,27/08/2025 18:40:58,18/5,1/0/0,18 5 11 13,10,18/5 17/5 16/5 15/5 14/5,14/3 15/3 16/3 17/3 18/3 19/3,500,14/4,False
505,1,right,27/08/2025 18:40:59,19/5,1/0/0,19 5 10 13,10,19/5 18/5 17/5 16/5 15/5,14/4 14/3 15/3 16/3 17/3,500,1/7,False
506,1,right,27/08/2025 18:40:59,20/5,1/0/0,20 5 9 13,10,20/5 19/5 18/5 17/5 16/5,15/4 14/4 14/3 15/3 16/3 17/3 18/3,500,1/7,False
507,1,right,27/08/2025 18:40:59,21/5,1/0/0,21 5 8 13,10,21/5 20/5 19/5 18/5 17/5,16/4 15/4 14/4 14/3 15/3 16/3 17/3,500,1/7,False
508,1,right,27/08/2025 18:40:59,22/5,1/0/0,22 5 7 13,10,22/5 21/5 20/5 19/5 18/5,17/4 16/4 15/4 14/4 14/3 15/3 16/3,500,1/7,False
509,1,right,27/08/2025 18:40:59,23/5,1/0/0,23 5 6 13,10,23/5 22/5 21/5 20/5 19/5,18/4 17/4 16/4 15/4 14/4 14/3 15/3,500,1/7,False
510,1,right,27/08/2025 18:41:00,24/5,1/0/0,24 5 5 13,10,24/5 23/5 22/5 21/5 20/5,18/3 18/4 17/4 16/4 15/4 14/4 14/3,500,1/7,False
511,1,right,27/08/2025 18:41:00,25/5,1/0/0,25 5 4 13,10,25/5 24/5 23/5 22/5 21/5,17/3 18/3 18/4 17/4 16/4 15/4 14/4,500,1/7,True
512,1,right,27/08/2025 18:41:00,26/5,1/0/0,26 5 3 13,10,26/5 25/5 24/5 23/5 22/5,16/3 17/3 18/3 18/4 17/4 16/4 15/4,500,1/7,True
513,1,down,27/08/2025 18:41:00,27/5,1/0/0,27 5 2 13,10,27/5 26/5 25/5 24/5 23/5,15/3 16/3 17/3 18/3 18/4 17/4 16/4,500,1/7,True
514,1,down,27/08/2025 18:41:00,27/6,0/0/-1,27 6 2 12,10,27/6 27/5 26/5 25/5 24/5,14/3 15/3 16/3 17/3 18/3 18/4 17/4,500,1/7,False
515,1,down,27/08/2025 18:41:01,27/7,0/0/-1,27 7 2 11,10,27/7 27/6 27/5 26/5 25/5,13/3 14/3 15/3 16/3 17/3 18/3 18/4,500,1/7,False
516,1,left,27/08/2025 18:41:01,27/8,0/0/-1,27 8 2 10,10,27/8 27/7 27/6 27/5 26/5,12/3 13/3 14/3 15/3 16/3 17/3 18/3,500,1/7,False
517,1,left,27/08/2025 18:41:01,26/8,-1/0/0,26 8 3 10,10,26/8 27/8 27/7 27/6 27/5,11/3 12/3 13/3 14/3 15/3 16/3 17/3,500,1/7,False
518,1,left,27/08/2025 18:41:01,25/8,-1/0/0,25 8 4 10,10,25/8 26/8 27/8 27/7 27/6,10/3 11/3 12/3 13/3 14/3 15/3 16/3,500,1/7,False
519,1,left,27/08/2025 18:41:01,24/8,-1/0/0,24 8 5 10,10,24/8 25/8 26/8 27/8 27/7,9/3 10/3 11/3 12/3 13/3 14/3 15/3,500,1/7,False
520,1,left,27/08/2025 18:41:02,23/8,-1/0/0,23 8 6 10,10,23/8 24/8 25/8 26/8 27/8,8/3 9/3 10/3 11/3 12/3 13/3 14/3,500,1/7,False
521,1,left,27/08/2025 18:41:02,22/8,-1/0/0,22 8 7 10,10,22/8 23/8 24/8 25/8 26/8,7/3 8/3 9/3 10/3 11/3 12/3 13/3,500,1/7,False
522,1,left,27/08/2025 18:41:02,21/8,-1/0/0,21 8 8 10,10,21/8 22/8 23/8 24/8 25/8,6/3 7/3 8/3 9/3 10/3 11/3 12/3,500,1/7,False
523,1,left,27/08/2025 18:41:02,20/8,-1/0/0,20 8 9 10,10,20/8 21/8 22/8 23/8 24/8,5/3 6/3 7/3 8/3 9/3 10/3 11/3,500,1/7,False
524,1,left,27/08/2025 18:41:02,19/8,-1/0/0,19 8 10 10,10,19/8 20/8 21/8 22/8 23/8,4/3 5/3 6/3 7/3 8/3 9/3 10/3,500,1/7,False
525,1,left,27/08/2025 18:41:03,18/8,-1/0/0,18 8 11 10,10,18/8 19/8 20/8 21/8 22/8,3/3 4/3 5/3 6/3 7/3 8/3 9/3,500,1/7,False
526,1,left,27/08/2025 18:41:03,17/8,-1/0/0,17 8 12 10,10,17/8 18/8 19/8 20/8 21/8,2/3 3/3 4/3 5/3 6/3 7/3 8/3,500,1/7,False
527,1,left,27/08/2025 18:41:03,16/8,-1/0/0,16 8 13 10,10,16/8 17/8 18/8 19/8 20/8,1/3 2/3 3/3 4/3 5/3 6/3 7/3,500,1/7,False
528,1,left,27/08/2025 18:41:03,15/8,-1/0/0,15 8 14 10,10,15/8 16/8 17/8 18/8 19/8,1/4 1/3 2/3 3/3 4/3 5/3 6/3,500,1/7,False
529,1,left,27/08/2025 18:41:03,14/8,-1/0/0,14 8 15 10,10,14/8 15/8 16/8 17/8 18/8,1/5 1/4 1/3 2/3 3/3 4/3 5/3,500,1/7,False
530,1,left,27/08/2025 18:41:04,13/8,-1/0/0,13 8 16 10,10,13/8 14/8 15/8 16/8 17/8,1/6 1/5 1/4 1/3 2/3 3/3 4/3,500,1/7,False
531,1,left,27/08/2025 18:41:04,12/8,-1/0/0,12 8 17 10,10,12/8 13/8 14/8 15/8 16/8,1/7 1/6 1/5 1/4 1/3 2/3,500,23/10,False
532,1,left,27/08/2025 18:41:04,11/8,-1/0/0,11 8 18 10,10,11/8 12/8 13/8 14/8 15/8,2/7 1/7 1/6 1/5 1/4 1/3 2/3 3/3,500,23/10,False
533,1,left,27/08/2025 18:41:04,10/8,-1/0/0,10 8 19 10,10,10/8 11/8 12/8 13/8 14/8,3/7 2/7 1/7 1/6 1/5 1/4 1/3 2/3,500,23/10,False
534,1,left,27/08/2025 18:41:04,9/8,-1/0/0,9 8 20 10,10,9/8 10/8 11/8 12/8 13/8,4/7 3/7 2/7 1/7 1/6 1/5 1/4 1/3,500,23/10,False
535,1,down,27/08/2025 18:41:05,8/8,-1/0/0,8 8 21 10,10,8/8 9/8 10/8 11/8 12/8,5/7 4/7 3/7 2/7 1/7 1/6 1/5 1/4,500,23/10,False
536,1,right,27/08/2025 18:41:05,8/9,0/0/-1,8 9 21 9,10,8/9 8/8 9/8 10/8 11/8,6/7 5/7 4/7 3/7 2/7 1/7 1/6 1/5,500,23/10,False
537,1,right,27/08/2025 18:41:05,9/9,1/0/0,9 9 20 9,10,9/9 8/9 8/8 9/8 10/8,7/7 6/7 5/7 4/7 3/7 2/7 1/7 1/6,500,23/10,False
538,1,right,27/08/2025 18:41:05,10/9,1/0/0,10 9 19 9,10,10/9 9/9 8/9 8/8 9/8,8/7 7/7 6/7 5/7 4/7 3/7 2/7 1/7,500,23/10,False
539,1,right,27/08/2025 18:41:05,11/9,1/0/0,11 9 18 9,10,11/9 10/9 9/9 8/9 8/8,9/7 8/7 7/7 6/7 5/7 4/7 3/7 2/7,500,23/10,False
540,1,right,27/08/2025 18:41:06,12/9,1/0/0,12 9 17 9,10,12/9 11/9 10/9 9/9 8/9,10/7 9/7 8/7 7/7 6/7 5/7 4/7 3/7,500,23/10,False
541,1,right,27/08/2025 18:41:06,13/9,1/0/0,13 9 16 9,10,13/9 12/9 11/9 10/9 9/9,11/7 10/7 9/7 8/7 7/7 6/7 5/7 4/7,500,23/10,False
542,1,right,27/08/2025 18:41:06,14/9,1/0/0,14 9 15 9,10,14/9 13/9 12/9 11/9 10/9,12/7 11/7 10/7 9/7 8/7 7/7 6/7 5/7,500,23/10,False
543,1,right,27/08/2025 18:41:06,15/9,1/0/0,15 9 14 9,10,15/9 14/9 13/9 12/9 11/9,13/7 12/7 11/7 10/7 9/7 8/7 7/7 6/7,500,23/10,False
544,1,right,27/08/2025 18:41:06,16/9,1/0/0,16 9 13 9,10,16/9 15/9 14/9 13/9 12/9,14/7 13/7 12/7 11/7 10/7 9/7 8/7 7/7,500,23/10,False
545,1,right,27/08/2025 18:41:07,17/9,1/0/0,17 9 12 9,10,17/9 16/9 15/9 14/9 13/9,15/7 14/7 13/7 12/7 11/7 10/7 9/7 8/7,500,23/10,False
546,1,down,27/08/2025 18:41:07,18/9,1/0/0,18 9 11 9,10,18/9 17/9 16/9 15/9 14/9,16/7 15/7 14/7 13/7 12/7 11/7 10/7 9/7,500,23/10,False
547,1,right,27/08/2025 18:41:07,18/10,0/0/-1,18 10 11 8,10,18/10 18/9 17/9 16/9 15/9,17/7 16/7 15/7 14/7 13/7 12/7 11/7 10/7,500,23/10,False
548,1,right,27/08/2025 18:41:07,19/10,1/0/0,19 10 10 8,10,19/10 18/10 18/9 17/9 16/9,18/7 17/7 16/7 15/7 14/7 13/7 12/7 11/7,500,23/10,False
549,1,right,27/08/2025 18:41:07,20/10,1/0/0,20 10 9 8,10,20/10 19/10 18/10 18/9 17/9,19/7 18/7 17/7 16/7 15/7 14/7 13/7 12/7,500,23/10,False
550,1,right,27/08/2025 18:41:08,21/10,1/0/0,21 10 8 8,10,21/10 20/10 19/10 18/10 18/9,20/7 19/7 18/7 17/7 16/7 15/7 14/7 13/7,500,23/10,False
551,1,right,27/08/2025 18:41:08,22/10,1/0/0,22 10 7 8,10,22/10 21/10 20/10 19/10 18/10,21/7 20/7 19/7 18/7 17/7 16/7 15/7 14/7,500,23/10,False
552,1,right,27/08/2025 18:41:08,23/10,1/0/0,23 10 6 8,10,23/10 22/10 21/10 20/10,22/7 21/7 20/7 19/7 18/7 17/7 16/7 15/7,600,1/6,False
553,1,up,27/08/2025 18:41:08,24/10,1/0/0,24 10 5 8,10,24/10 23/10 22/10 21/10 20/10 19/10,23/7 22/7 21/7 20/7 19/7 18/7 17/7 16/7,600,1/6,False
554,1,left,27/08/2025 18:41:08,24/9,0/0/1,24 9 5 9,10,24/9 24/10 23/10 22/10 21/10 20/10,24/7 23/7 22/7 21/7 20/7 19/7 18/7 17/7,600,1/6,True
555,1,left,27/08/2025 18:41:09,23/9,-1/0/0,23 9 6 9,10,23/9 24/9 24/10 23/10 22/10 21/10,25/7 24/7 23/7 22/7 21/7 20/7 19/7 18/7,600,1/6,False
556,1,left,27/08/2025 18:41:09,22/9,-1/0/0,22 9 7 9,10,22/9 23/9 24/9 24/10 23/10 22/10,26/7 25/7 24/7 23/7 22/7 21/7 20/7 19/7,600,1/6,False
557,1,left,27/08/2025 18:41:09,21/9,-1/0/0,21 9 8 9,10,21/9 22/9 23/9 24/9 24/10 23/10,26/6 26/7 25/7 24/7 23/7 22/7 21/7 20/7,600,1/6,False
558,1,left,27/08/2025 18:41:09,20/9,-1/0/0,20 9 9 9,10,20/9 21/9 22/9 23/9 24/9 24/10,26/5 26/6 26/7 25/7 24/7 23/7 22/7 21/7,600,1/6,False
559,1,left,27/08/2025 18:41:10,19/9,-1/0/0,19 9 10 9,10,19/9 20/9 21/9 22/9 23/9 24/9,25/5 26/5 26/6 26/7 25/7 24/7 23/7 22/7,600,1/6,False
560,1,left,27/08/2025 18:41:10,18/9,-1/0/0,18 9 11 9,10,18/9 19/9 20/9 21/9 22/9 23/9,24/5 25/5 26/5 26/6 26/7 25/7 24/7 23/7,600,1/6,False
561,1,left,27/08/2025 18:41:10,17/9,-1/0/0,17 9 12 9,10,17/9 18/9 19/9 20/9 21/9 22/9,23/5 24/5 25/5 26/5 26/6 26/7 25/7 24/7,600,1/6,False
562,1,left,27/08/2025 18:41:10,16/9,-1/0/0,16 9 13 9,10,16/9 17/9 18/9 19/9 20/9 21/9,22/5 23/5 24/5 25/5 26/5 26/6 26/7 25/7,600,1/6,False
563,1,left,27/08/2025 18:41:10,15/9,-1/0/0,15 9 14 9,10,15/9 16/9 17/9 18/9 19/9 20/9,21/5 22/5 23/5 24/5 25/5 26/5 26/6 26/7,600,1/6,False
564,1,left,27/08/2025 18:41:11,14/9,-1/0/0,14 9 15 9,10,14/9 15/9 16/9 17/9 18/9 19/9,20/5 21/5 22/5 23/5 24/5 25/5 26/5 26/6,600,1/6,False
565,1,left,27/08/2025 18:41:11,13/9,-1/0/0,13 9 16 9,10,13/9 14/9 15/9 16/9 17/9 18/9,19/5 20/5 21/5 22/5 23/5 24/5 25/5 26/5,600,1/6,False
566,1,left,27/08/2025 18:41:11,12/9,-1/0/0,12 9 17 9,10,12/9 13/9 14/9 15/9 16/9 17/9,18/5 19/5 20/5 21/5 22/5 23/5 24/5 25/5,600,1/6,False
567,1,down,27/08/2025 18:41:11,11/9,-1/0/0,11 9 18 9,10,11/9 12/9 13/9 14/9 15/9 16/9,17/5 18/5 19/5 20/5 21/5 22/5 23/5 24/5,600,1/6,False
568,1,down,27/08/2025 18:41:11,11/10,0/0/-1,11 10 18 8,10,11/10 11/9 12/9 13/9 14/9 15/9,16/5 17/5 18/5 19/5 20/5 21/5 22/5 23/5,600,1/6,False
569,1,down,27/08/2025 18:41:12,11/11,0/0/-1,11 11 18 7,10,11/11 11/10 11/9 12/9 13/9 14/9,15/5 16/5 17/5 18/5 19/5 20/5 21/5 22/5,600,1/6,False
570,1,right,27/08/2025 18:41:12,11/12,0/0/-1,11 12 18 6,10,11/12 11/11 11/10 11/9 12/9 13/9,14/5 15/5 16/5 17/5 18/5 19/5 20/5 21/5,600,1/6,False
571,1,right,27/08/2025 18:41:12,12/12,1/0/0,12 12 17 6,10,12/12 11/12 11/11 11/10 11/9 12/9,13/5 14/5 15/5 16/5 17/5 18/5 19/5 20/5,600,1/6,False
572,1,right,27/08/2025 18:41:12,13/12,1/0/0,13 12 16 6,10,13/12 12/12 11/12 11/11 11/10 11/9,12/5 13/5 14/5 15/5 16/5 17/5 18/5 19/5,600,1/6,False
573,1,right,27/08/2025 18:41:12,14/12,1/0/0,14 12 15 6,10,14/12 13/12 12/12 11/12 11/11 11/10,11/5 12/5 13/5 14/5 15/5 16/5 17/5 18/5,600,1/6,False
574,1,right,27/08/2025 18:41:13,15/12,1/0/0,15 12 14 6,10,15/12 14/12 13/12 12/12 11/12 11/11,10/5 11/5 12/5 13/5 14/5 15/5 16/5 17/5,600,1/6,False
575,1,right,27/08/2025 18:41:13,16/12,1/0/0,16 12 13 6,10,16/12 15/12 14/12 13/12 12/12 11/12,9/5 10/5 11/5 12/5 13/5 14/5 15/5 16/5,600,1/6,False
576,1,right,27/08/2025 18:41:13,17/12,1/0/0,17 12 12 6,10,17/12 16/12 15/12 14/12 13/12 12/12,8/5 9/5 10/5 11/5 12/5 13/5 14/5 15/5,600,1/6,False
577,1,right,27/08/2025 18:41:13,18/12,1/0/0,18 12 11 6,10,18/12 17/12 16/12 15/12 14/12 13/12,7/5 8/5 9/5 10/5 11/5 12/5 13/5 14/5,600,1/6,False
578,1,right,27/08/2025 18:41:13,19/12,1/0/0,19 12 10 6,10,19/12 18/12 17/12 16/12 15/12 14/12,6/5 7/5 8/5 9/5 10/5 11/5 12/5 13/5,600,1/6,False
579,1,right,27/08/2025 18:41:14,20/12,1/0/0,20 12 9 6,10,20/12 19/12 18/12 17/12 16/12 15/12,5/5 6/5 7/5 8/5 9/5 10/5 11/5 12/5,600,1/6,False
580,1,right,27/08/2025 18:41:14,21/12,1/0/0,21 12 8 6,10,21/12 20/12 19/12 18/12 17/12 16/12,4/5 5/5 6/5 7/5 8/5 9/5 10/5 11/5,600,1/6,False
581,1,right,27/08/2025 18:41:14,22/12,1/0/0,22 12 7 6,10,22/12 21/12 20/12 19/12 18/12 17/12,3/5 4/5 5/5 6/5 7/5 8/5 9/5 10/5,600,1/6,False
582,1,right,27/08/2025 18:41:14,23/12,1/0/0,23 12 6 6,10,23/12 22/12 21/12 20/12 19/12 18/12,2/5 3/5 4/5 5/5 6/5 7/5 8/5 9/5,600,1/6,False
583,1,right,27/08/2025 18:41:14,24/12,1/0/0,24 12 5 6,10,24/12 23/12 22/12 21/12 20/12 19/12,2/6 2/5 3/5 4/5 5/5 6/5 7/5 8/5,600,1/6,False
584,1,right,27/08/2025 18:41:15,25/12,1/0/0,25 12 4 6,10,25/12 24/12 23/12 22/12 21/12 20/12,2/7 2/6 2/5 3/5 4/5 5/5 6/5 7/5,600,1/6,True
585,1,right,27/08/2025 18:41:15,26/12,1/0/0,26 12 3 6,10,26/12 25/12 24/12 23/12 22/12 21/12,2/8 2/7 2/6 2/5 3/5 4/5 5/5 6/5,600,1/6,True
586,1,right,27/08/2025 18:41:15,27/12,1/0/0,27 12 2 6,10,27/12 26/12 25/12 24/12 23/12 22/12,1/8 2/8 2/7 2/6 2/5 3/5 4/5 5/5,600,1/6,True
587,1,right,27/08/2025 18:41:15,28/12,1/0/0,28 12 1 6,10,28/12 27/12 26/12 25/12 24/12 23/12,1/7 1/8 2/8 2/7 2/6 2/5 3/5 4/5,600,1/6,True
