id,weight:float,answer:direction,timeStamp:DateTime,position:vector2,headDirection:vector3,Score:float,levelScore:float,numberOfParts:float,fruitRelPos:directionList,fruitDis:float,checkCollisions:boolList
0,1,left,08/09/2025 17:21:36,0/0,1/0/0,10,0,3,right down ,23,False True False True
1,1,left,08/09/2025 17:21:36,4/9,1/0/0,10,0,3,right up ,26,False True False False
2,1,left,08/09/2025 17:21:36,5/9,1/0/0,10,0,3,right up ,25,False True False False
3,1,up,08/09/2025 17:21:36,6/9,1/0/0,10,0,3,right up ,24,False True False False
4,1,up,08/09/2025 17:21:36,6/8,0/0/1,10,0,3,right up ,23,False False True False
5,1,up,08/09/2025 17:21:37,6/7,0/0/1,10,0,3,right up ,22,False False True False
6,1,up,08/09/2025 17:21:37,6/6,0/0/1,10,0,3,right up ,21,False False True False
7,1,up,08/09/2025 17:21:37,6/5,0/0/1,10,0,3,right up ,20,False False True False
8,1,up,08/09/2025 17:21:37,6/4,0/0/1,10,0,3,right up ,19,False False True False
9,1,up,08/09/2025 17:21:37,6/3,0/0/1,10,0,3,right up ,18,False False True False
10,1,up,08/09/2025 17:21:38,6/2,0/0/1,10,0,3,right up ,17,False False True False
11,1,right,08/09/2025 17:21:38,6/1,0/0/1,10,0,3,right null ,16,False False True True
12,1,right,08/09/2025 17:21:38,7/1,1/0/0,10,0,3,right null ,15,False True False True
13,1,right,08/09/2025 17:21:38,8/1,1/0/0,10,0,3,right null ,14,False True False True
14,1,right,08/09/2025 17:21:38,9/1,1/0/0,10,0,3,right null ,13,False True False True
15,1,right,08/09/2025 17:21:39,10/1,1/0/0,10,0,3,right null ,12,False True False True
16,1,right,08/09/2025 17:21:39,11/1,1/0/0,10,0,3,right null ,11,False True False True
17,1,right,08/09/2025 17:21:39,12/1,1/0/0,10,0,3,right null ,10,False True False True
18,1,right,08/09/2025 17:21:39,13/1,1/0/0,10,0,3,right null ,9,False True False True
19,1,right,08/09/2025 17:21:39,14/1,1/0/0,10,0,3,right null ,8,False True False True
20,1,right,08/09/2025 17:21:40,15/1,1/0/0,10,0,3,right null ,7,False True False True
21,1,right,08/09/2025 17:21:40,16/1,1/0/0,10,0,3,right null ,6,False True False True
22,1,right,08/09/2025 17:21:40,17/1,1/0/0,10,0,3,right null ,5,False True False True
23,1,right,08/09/2025 17:21:40,18/1,1/0/0,10,0,3,right null ,4,False True False True
24,1,right,08/09/2025 17:21:40,19/1,1/0/0,10,0,3,right null ,3,False True False True
25,1,right,08/09/2025 17:21:41,20/1,1/0/0,10,0,3,right null ,2,False True False True
26,1,right,08/09/2025 17:21:41,21/1,1/0/0,10,0,3,right null ,1,False True False True
27,1,down,08/09/2025 17:21:41,22/1,1/0/0,10,100,4,left down ,15,False True False True
28,1,down,08/09/2025 17:21:41,22/2,0/0/-1,10,100,4,left down ,14,False False False True
29,1,down,08/09/2025 17:21:41,22/3,0/0/-1,10,100,4,left down ,13,False False False True
30,1,down,08/09/2025 17:21:42,22/4,0/0/-1,10,100,4,left null ,12,False False False True
31,1,down,08/09/2025 17:21:42,22/5,0/0/-1,10,100,4,left up ,13,False False False True
32,1,left,08/09/2025 17:21:42,22/6,0/0/-1,10,100,4,left up ,14,False False False True
33,1,left,08/09/2025 17:21:42,21/6,-1/0/0,10,100,4,left up ,13,True False False False
34,1,left,08/09/2025 17:21:42,20/6,-1/0/0,10,100,4,left up ,12,True False False False
35,1,left,08/09/2025 17:21:43,19/6,-1/0/0,10,100,4,left up ,11,True False False False
36,1,left,08/09/2025 17:21:43,18/6,-1/0/0,10,100,4,left up ,10,True False False False
37,1,left,08/09/2025 17:21:43,17/6,-1/0/0,10,100,4,left up ,9,True False False False
38,1,left,08/09/2025 17:21:43,16/6,-1/0/0,10,100,4,left up ,8,True False False False
39,1,left,08/09/2025 17:21:43,15/6,-1/0/0,10,100,4,left up ,7,True False False False
40,1,left,08/09/2025 17:21:44,14/6,-1/0/0,10,100,4,left up ,6,True False False False
41,1,left,08/09/2025 17:21:44,13/6,-1/0/0,10,100,4,left up ,5,True False False False
42,1,left,08/09/2025 17:21:44,12/6,-1/0/0,10,100,4,left up ,4,True False False False
43,1,left,08/09/2025 17:21:44,11/6,-1/0/0,10,100,4,left up ,3,True False False False
44,1,up,08/09/2025 17:21:44,10/6,-1/0/0,10,100,4,null up ,2,True False False False
45,1,up,08/09/2025 17:21:45,10/5,0/0/1,10,100,4,null up ,1,False False True False
46,1,right,08/09/2025 17:21:45,10/4,0/0/1,10,200,5,right up ,8,False False True False
47,1,right,08/09/2025 17:21:45,11/4,1/0/0,10,200,5,right up ,7,False True False False
48,1,right,08/09/2025 17:21:45,12/4,1/0/0,10,200,5,right up ,6,False True False False
49,1,right,08/09/2025 17:21:45,13/4,1/0/0,10,200,5,right up ,5,False True False False
50,1,right,08/09/2025 17:21:46,14/4,1/0/0,10,200,5,right up ,4,False True False False
51,1,right,08/09/2025 17:21:46,15/4,1/0/0,10,200,5,right up ,3,False True False False
52,1,right,08/09/2025 17:21:46,16/4,1/0/0,10,200,5,right up ,2,False True False False
53,1,up,08/09/2025 17:21:46,17/4,1/0/0,10,200,5,null up ,1,False True False False
54,1,up,08/09/2025 17:21:46,17/3,0/0/1,10,300,6,left down ,16,False False True False
55,1,left,08/09/2025 17:21:47,17/2,0/0/1,10,300,6,left down ,17,False False True False
56,1,left,08/09/2025 17:21:47,16/2,-1/0/0,10,300,6,left down ,16,True False False False
57,1,left,08/09/2025 17:21:47,15/2,-1/0/0,10,300,6,left down ,15,True False False False
58,1,left,08/09/2025 17:21:47,14/2,-1/0/0,10,300,6,left down ,14,True False False False
59,1,left,08/09/2025 17:21:47,13/2,-1/0/0,10,300,6,left down ,13,True False False False
60,1,left,08/09/2025 17:21:48,12/2,-1/0/0,10,300,6,left down ,12,True False False False
61,1,left,08/09/2025 17:21:48,11/2,-1/0/0,10,300,6,left down ,11,True False False False
62,1,left,08/09/2025 17:21:48,10/2,-1/0/0,10,300,6,left down ,10,True False False False
63,1,left,08/09/2025 17:21:48,9/2,-1/0/0,10,300,6,left down ,9,True False False False
64,1,left,08/09/2025 17:21:48,8/2,-1/0/0,10,300,6,left down ,8,True False False False
65,1,left,08/09/2025 17:21:49,7/2,-1/0/0,10,300,6,left down ,7,True False False False
66,1,left,08/09/2025 17:21:49,6/2,-1/0/0,10,300,6,left down ,6,True False False False
67,1,left,08/09/2025 17:21:49,5/2,-1/0/0,10,300,6,left down ,5,True False False False
68,1,down,08/09/2025 17:21:49,4/2,-1/0/0,10,300,6,null down ,4,True False False False
69,1,down,08/09/2025 17:21:49,4/3,0/0/-1,10,300,6,null down ,3,False False False True
70,1,down,08/09/2025 17:21:50,4/4,0/0/-1,10,300,6,null down ,2,False False False True
71,1,down,08/09/2025 17:21:50,4/5,0/0/-1,10,300,6,null down ,1,False False False True
72,1,down,08/09/2025 17:21:50,4/6,0/0/-1,10,400,7,right down ,25,False False False True
73,1,right,08/09/2025 17:21:50,4/7,0/0/-1,10,400,7,right down ,24,False False False True
74,1,right,08/09/2025 17:21:50,5/7,1/0/0,10,400,7,right down ,23,False True False False
75,1,right,08/09/2025 17:21:51,6/7,1/0/0,10,400,7,right down ,22,False True False False
76,1,right,08/09/2025 17:21:51,7/7,1/0/0,10,400,7,right down ,21,False True False False
77,1,right,08/09/2025 17:21:51,8/7,1/0/0,10,400,7,right down ,20,False True False False
78,1,right,08/09/2025 17:21:51,9/7,1/0/0,10,400,7,right down ,19,False True False False
79,1,right,08/09/2025 17:21:51,10/7,1/0/0,10,400,7,right down ,18,False True False False
80,1,right,08/09/2025 17:21:52,11/7,1/0/0,10,400,7,right down ,17,False True False False
81,1,right,08/09/2025 17:21:52,12/7,1/0/0,10,400,7,right down ,16,False True False False
82,1,right,08/09/2025 17:21:52,13/7,1/0/0,10,400,7,right down ,15,False True False False
83,1,right,08/09/2025 17:21:52,14/7,1/0/0,10,400,7,right down ,14,False True False False
84,1,right,08/09/2025 17:21:52,15/7,1/0/0,10,400,7,right down ,13,False True False False
85,1,right,08/09/2025 17:21:53,16/7,1/0/0,10,400,7,right down ,12,False True False False
86,1,right,08/09/2025 17:21:53,17/7,1/0/0,10,400,7,right down ,11,False True False False
87,1,right,08/09/2025 17:21:53,18/7,1/0/0,10,400,7,right down ,10,False True False False
88,1,right,08/09/2025 17:21:53,19/7,1/0/0,10,400,7,null down ,9,False True False False
89,1,right,08/09/2025 17:21:53,20/7,1/0/0,10,400,7,left down ,10,False True False False
90,1,right,08/09/2025 17:21:54,21/7,1/0/0,10,400,7,left up ,17,False True False False
91,1,up,08/09/2025 17:21:54,22/7,1/0/0,10,400,7,left up ,18,False True False False
92,1,left,08/09/2025 17:21:54,22/6,0/0/1,10,400,7,left null ,17,False False True False
93,1,left,08/09/2025 17:21:54,21/6,-1/0/0,10,400,7,left null ,16,True False True False
94,1,left,08/09/2025 17:21:54,20/6,-1/0/0,10,400,7,left null ,15,True False True False
95,1,left,08/09/2025 17:21:55,19/6,-1/0/0,10,400,7,left null ,14,True False False False
96,1,left,08/09/2025 17:21:55,18/6,-1/0/0,10,400,7,left null ,13,True False False False
97,1,left,08/09/2025 17:21:55,17/6,-1/0/0,10,400,7,left null ,12,True False False False
98,1,left,08/09/2025 17:21:55,16/6,-1/0/0,10,400,7,left null ,11,True False False False
99,1,left,08/09/2025 17:21:55,15/6,-1/0/0,10,400,7,left null ,10,True False False False
100,1,left,08/09/2025 17:21:56,14/6,-1/0/0,10,400,7,left null ,9,True False False False
101,1,left,08/09/2025 17:21:56,13/6,-1/0/0,10,400,7,left null ,8,True False False False
102,1,left,08/09/2025 17:21:56,12/6,-1/0/0,10,400,7,left null ,7,True False False False
103,1,left,08/09/2025 17:21:56,11/6,-1/0/0,10,400,7,left null ,6,True False False False
104,1,left,08/09/2025 17:21:56,10/6,-1/0/0,10,400,7,left null ,5,True False False False
105,1,left,08/09/2025 17:21:57,9/6,-1/0/0,10,400,7,left null ,4,True False False False
106,1,left,08/09/2025 17:21:57,8/6,-1/0/0,10,400,7,left null ,3,True False False False
107,1,left,08/09/2025 17:21:57,7/6,-1/0/0,10,400,7,left null ,2,True False False False
108,1,left,08/09/2025 17:21:57,6/6,-1/0/0,10,400,7,left null ,1,True False False False
109,1,up,08/09/2025 17:21:57,5/6,-1/0/0,10,500,8,right down ,17,True False False False
110,1,up,08/09/2025 17:21:58,5/5,0/0/1,10,500,8,right down ,18,False False True False
111,1,right,08/09/2025 17:21:58,5/4,0/0/1,10,500,8,right down ,19,False False True False
112,1,right,08/09/2025 17:21:58,6/4,1/0/0,10,500,8,right down ,18,False True False False
113,1,right,08/09/2025 17:21:58,7/4,1/0/0,10,500,8,right down ,17,False True False False
114,1,right,08/09/2025 17:21:58,8/4,1/0/0,10,500,8,right down ,16,False True False False
115,1,right,08/09/2025 17:21:59,9/4,1/0/0,10,500,8,right down ,15,False True False False
116,1,right,08/09/2025 17:21:59,10/4,1/0/0,10,500,8,right down ,14,False True False False
117,1,right,08/09/2025 17:21:59,11/4,1/0/0,10,500,8,right down ,13,False True False False
118,1,right,08/09/2025 17:21:59,12/4,1/0/0,10,500,8,right down ,12,False True False False
119,1,right,08/09/2025 17:21:59,13/4,1/0/0,10,500,8,right down ,11,False True False False
120,1,down,08/09/2025 17:22:00,14/4,1/0/0,10,500,8,null down ,10,False True False False
121,1,down,08/09/2025 17:22:00,14/5,0/0/-1,10,500,8,null down ,9,False False False True
122,1,down,08/09/2025 17:22:00,14/6,0/0/-1,10,500,8,null down ,8,False False False True
123,1,down,08/09/2025 17:22:00,14/7,0/0/-1,10,500,8,null down ,7,False False False True
124,1,down,08/09/2025 17:22:00,14/8,0/0/-1,10,500,8,null down ,6,False False False True
125,1,down,08/09/2025 17:22:01,14/9,0/0/-1,10,500,8,null down ,5,False False False True
126,1,down,08/09/2025 17:22:01,14/10,0/0/-1,10,500,8,null down ,4,False False False True
127,1,down,08/09/2025 17:22:01,14/11,0/0/-1,10,500,8,null down ,3,False False False True
128,1,down,08/09/2025 17:22:01,14/12,0/0/-1,10,500,8,null down ,2,False False False True
129,1,down,08/09/2025 17:22:01,14/13,0/0/-1,10,500,8,null down ,1,False False False True
130,1,left,08/09/2025 17:22:02,14/14,0/0/-1,10,600,9,right up ,14,False False False True
131,1,left,08/09/2025 17:22:02,13/14,-1/0/0,10,600,9,right up ,15,True False False False
132,1,up,08/09/2025 17:22:02,12/14,-1/0/0,10,600,9,right up ,16,True False False False
133,1,up,08/09/2025 17:22:02,12/13,0/0/1,10,600,9,right up ,15,False False True False
134,1,up,08/09/2025 17:22:03,12/12,0/0/1,10,600,9,right up ,14,False False True False
135,1,up,08/09/2025 17:22:03,12/11,0/0/1,10,600,9,right up ,13,False False True False
136,1,up,08/09/2025 17:22:03,12/10,0/0/1,10,600,9,right up ,12,False False True False
137,1,up,08/09/2025 17:22:03,12/9,0/0/1,10,600,9,right up ,11,False False True False
138,1,up,08/09/2025 17:22:03,12/8,0/0/1,10,600,9,right up ,10,False False True False
139,1,up,08/09/2025 17:22:04,12/7,0/0/1,10,600,9,right up ,9,False False True False
140,1,right,08/09/2025 17:22:04,12/6,0/0/1,10,600,9,right up ,8,False False True False
141,1,right,08/09/2025 17:22:04,13/6,1/0/0,10,600,9,right up ,7,False True False False
142,1,right,08/09/2025 17:22:04,14/6,1/0/0,10,600,9,right up ,6,False True False False
143,1,right,08/09/2025 17:22:04,15/6,1/0/0,10,600,9,right up ,5,False True False False
144,1,right,08/09/2025 17:22:05,16/6,1/0/0,10,600,9,right up ,4,False True False False
145,1,right,08/09/2025 17:22:05,17/6,1/0/0,10,600,9,right up ,3,False True False False
146,1,right,08/09/2025 17:22:05,18/6,1/0/0,10,600,9,right up ,2,False True False False
147,1,right,08/09/2025 17:22:05,19/6,1/0/0,10,600,9,null up ,1,False True False False
148,1,right,08/09/2025 17:22:05,20/6,1/0/0,10,600,9,left up ,2,False True False False
149,1,right,08/09/2025 17:22:06,21/6,1/0/0,10,600,9,left up ,3,False True False False
150,1,right,08/09/2025 17:22:06,22/6,1/0/0,10,600,9,left up ,4,False True False False
151,1,right,08/09/2025 17:22:06,23/6,1/0/0,10,600,9,left up ,5,False True False False
152,1,up,08/09/2025 17:22:06,24/6,1/0/0,10,600,9,left up ,6,False True False False
153,1,left,08/09/2025 17:22:06,24/5,0/0/1,10,600,9,left null ,5,False False True False
154,1,left,08/09/2025 17:22:07,23/5,-1/0/0,10,600,9,left null ,4,True False True False
155,1,left,08/09/2025 17:22:07,22/5,-1/0/0,10,600,9,left null ,3,True False True False
156,1,left,08/09/2025 17:22:07,21/5,-1/0/0,10,600,9,left null ,2,True False True False
157,1,left,08/09/2025 17:22:07,20/5,-1/0/0,10,600,9,left null ,1,True False False False
158,1,left,08/09/2025 17:22:07,19/5,-1/0/0,10,700,10,right down ,10,True False False False
159,1,down,08/09/2025 17:22:08,18/5,-1/0/0,10,700,10,right down ,11,True False False False
160,1,down,08/09/2025 17:22:08,18/6,0/0/-1,10,700,10,right down ,10,False False False True
161,1,down,08/09/2025 17:22:08,19/6,1/0/0,10,700,10,right down ,9,False True False True
162,1,down,08/09/2025 17:22:08,20/6,1/0/0,10,700,10,right down ,8,False True False True
163,1,down,08/09/2025 17:22:08,21/6,1/0/0,10,700,10,right down ,7,False True False True
164,1,down,08/09/2025 17:22:09,22/6,1/0/0,10,700,10,right down ,6,False True False True
165,1,down,08/09/2025 17:22:09,22/7,0/0/-1,10,700,10,right down ,5,False False False True
166,1,down,08/09/2025 17:22:09,22/8,0/0/-1,10,700,10,right down ,4,False False False True
167,1,down,08/09/2025 17:22:09,22/9,0/0/-1,10,700,10,right down ,3,False False False True
168,1,right,08/09/2025 17:22:09,22/10,0/0/-1,10,700,10,right down ,2,False False False True
169,1,down,08/09/2025 17:22:11,23/10,1/0/0,10,700,3,null down ,1,False False False False
170,1,down,08/09/2025 17:22:11,4/9,1/0/0,10,700,3,right down ,22,False True False False
171,1,down,08/09/2025 17:22:11,5/9,1/0/0,10,700,3,right down ,21,False True False False
172,1,down,08/09/2025 17:22:12,6/9,1/0/0,10,700,3,right down ,20,False True False False
173,1,down,08/09/2025 17:22:12,7/9,1/0/0,10,700,3,right down ,19,False True False False
174,1,down,08/09/2025 17:22:12,8/9,1/0/0,10,700,3,right down ,18,False True False False
175,1,down,08/09/2025 17:22:12,8/10,0/0/-1,10,700,3,right down ,17,False False False True
176,1,down,08/09/2025 17:22:12,8/11,0/0/-1,10,700,3,right down ,16,False False False True
177,1,down,08/09/2025 17:22:13,8/12,0/0/-1,10,700,3,right down ,15,False False False True
178,1,down,08/09/2025 17:22:13,8/13,0/0/-1,10,700,3,right down ,14,False False False True
179,1,down,08/09/2025 17:22:13,8/14,0/0/-1,10,700,3,right down ,13,False False False True
180,1,right,08/09/2025 17:22:13,8/15,0/0/-1,10,700,3,right null ,12,False False False True
181,1,right,08/09/2025 17:22:13,9/15,1/0/0,10,700,3,right null ,11,False True False False
182,1,right,08/09/2025 17:22:14,10/15,1/0/0,10,700,3,right null ,10,False True False False
183,1,right,08/09/2025 17:22:14,11/15,1/0/0,10,700,3,right null ,9,False True False False
184,1,right,08/09/2025 17:22:14,12/15,1/0/0,10,700,3,right null ,8,False True False False
185,1,right,08/09/2025 17:22:14,13/15,1/0/0,10,700,3,right null ,7,False True False False
186,1,right,08/09/2025 17:22:14,14/15,1/0/0,10,700,3,right null ,6,False True False False
187,1,right,08/09/2025 17:22:15,15/15,1/0/0,10,700,3,right null ,5,False True False False
188,1,right,08/09/2025 17:22:15,16/15,1/0/0,10,700,3,right null ,4,False True False False
189,1,right,08/09/2025 17:22:15,17/15,1/0/0,10,700,3,right null ,3,False True False False
190,1,right,08/09/2025 17:22:15,18/15,1/0/0,10,700,3,right null ,2,False True False False
191,1,right,08/09/2025 17:22:15,19/15,1/0/0,10,700,3,right null ,1,False True False False
192,1,right,08/09/2025 17:22:16,20/15,1/0/0,10,800,4,left down ,19,False True False False
193,1,up,08/09/2025 17:22:16,21/15,1/0/0,10,800,4,left down ,20,False True False False
194,1,left,08/09/2025 17:22:16,21/14,0/0/1,10,800,4,left down ,21,False False True False
195,1,left,08/09/2025 17:22:16,20/14,-1/0/0,10,800,4,left down ,20,True False True False
196,1,left,08/09/2025 17:22:16,19/14,-1/0/0,10,800,4,left down ,19,True False False False
197,1,left,08/09/2025 17:22:17,18/14,-1/0/0,10,800,4,left down ,18,True False False False
198,1,left,08/09/2025 17:22:17,17/14,-1/0/0,10,800,4,left down ,17,True False False False
199,1,left,08/09/2025 17:22:17,16/14,-1/0/0,10,800,4,left down ,16,True False False False
200,1,left,08/09/2025 17:22:17,15/14,-1/0/0,10,800,4,left down ,15,True False False False
201,1,down,08/09/2025 17:22:17,14/14,-1/0/0,10,800,4,left down ,14,True False False False
202,1,down,08/09/2025 17:22:18,14/15,0/0/-1,10,800,4,left down ,13,False False False True
203,1,left,08/09/2025 17:22:18,14/16,0/0/-1,10,800,4,left null ,12,False False False True
204,1,left,08/09/2025 17:22:18,13/16,-1/0/0,10,800,4,left null ,11,True False False False
205,1,left,08/09/2025 17:22:18,12/16,-1/0/0,10,800,4,left null ,10,True False False False
206,1,left,08/09/2025 17:22:18,11/16,-1/0/0,10,800,4,left null ,9,True False False False
207,1,left,08/09/2025 17:22:19,10/16,-1/0/0,10,800,4,left null ,8,True False False False
208,1,left,08/09/2025 17:22:19,9/16,-1/0/0,10,800,4,left null ,7,True False False False
209,1,left,08/09/2025 17:22:19,8/16,-1/0/0,10,800,4,left null ,6,True False False False
210,1,left,08/09/2025 17:22:19,7/16,-1/0/0,10,800,4,left null ,5,True False False False
211,1,left,08/09/2025 17:22:20,6/16,-1/0/0,10,800,4,left null ,4,True False False False
212,1,left,08/09/2025 17:22:20,5/16,-1/0/0,10,800,4,left null ,3,True False False False
213,1,left,08/09/2025 17:22:20,4/16,-1/0/0,10,800,4,left null ,2,True False False False
214,1,left,08/09/2025 17:22:20,3/16,-1/0/0,10,800,4,left null ,1,True False False False
215,1,up,08/09/2025 17:22:20,2/16,-1/0/0,10,900,5,right up ,11,True False False False
216,1,up,08/09/2025 17:22:21,2/15,0/0/1,10,900,5,right up ,10,False False True False
217,1,up,08/09/2025 17:22:21,2/14,0/0/1,10,900,5,right up ,9,False False True False
218,1,up,08/09/2025 17:22:21,2/13,0/0/1,10,900,5,right up ,8,False False True False
219,1,up,08/09/2025 17:22:21,2/12,0/0/1,10,900,5,right up ,7,False False True False
220,1,up,08/09/2025 17:22:21,2/11,0/0/1,10,900,5,right up ,6,False False True False
221,1,right,08/09/2025 17:22:22,2/10,0/0/1,10,900,5,right null ,5,False False True False
222,1,right,08/09/2025 17:22:22,3/10,1/0/0,10,900,5,right null ,4,False True False False
223,1,right,08/09/2025 17:22:22,4/10,1/0/0,10,900,5,right null ,3,False True False False
224,1,right,08/09/2025 17:22:22,5/10,1/0/0,10,900,5,right null ,2,False True False False
225,1,right,08/09/2025 17:22:22,6/10,1/0/0,10,900,5,right null ,1,False True False False
226,1,right,08/09/2025 17:22:23,7/10,1/0/0,10,1000,6,right up ,19,False True False False
227,1,right,08/09/2025 17:22:23,8/10,1/0/0,10,1000,6,right up ,18,False True False False
228,1,right,08/09/2025 17:22:23,9/10,1/0/0,10,1000,6,right up ,17,False True False False
229,1,right,08/09/2025 17:22:23,10/10,1/0/0,10,1000,6,right up ,16,False True False False
230,1,right,08/09/2025 17:22:23,11/10,1/0/0,10,1000,6,right up ,15,False True False False
231,1,right,08/09/2025 17:22:24,12/10,1/0/0,10,1000,6,right up ,14,False True False False
232,1,right,08/09/2025 17:22:24,13/10,1/0/0,10,1000,6,right up ,13,False True False False
233,1,right,08/09/2025 17:22:24,14/10,1/0/0,10,1000,6,right up ,12,False True False False
234,1,right,08/09/2025 17:22:24,15/10,1/0/0,10,1000,6,right up ,11,False True False False
235,1,right,08/09/2025 17:22:24,16/10,1/0/0,10,1000,6,right up ,10,False True False False
236,1,right,08/09/2025 17:22:25,17/10,1/0/0,10,1000,6,right up ,9,False True False False
237,1,right,08/09/2025 17:22:25,18/10,1/0/0,10,1000,6,right up ,8,False True False False
238,1,right,08/09/2025 17:22:25,19/10,1/0/0,10,1000,6,right up ,7,False True False False
239,1,right,08/09/2025 17:22:25,20/10,1/0/0,10,1000,6,right up ,6,False True False False
240,1,right,08/09/2025 17:22:25,21/10,1/0/0,10,1000,6,right up ,5,False True False False
241,1,up,08/09/2025 17:22:26,22/10,1/0/0,10,1000,6,null up ,4,False True False False
242,1,up,08/09/2025 17:22:26,22/9,0/0/1,10,1000,6,null up ,3,False False True False
243,1,up,08/09/2025 17:22:26,22/8,0/0/1,10,1000,6,null up ,2,False False True False
244,1,up,08/09/2025 17:22:26,22/7,0/0/1,10,1000,6,null up ,1,False False True False
245,1,left,08/09/2025 17:22:26,22/6,0/0/1,10,1100,7,left up ,12,False False True False
246,1,left,08/09/2025 17:22:27,21/6,-1/0/0,10,1100,7,left up ,11,True False False False
247,1,left,08/09/2025 17:22:27,20/6,-1/0/0,10,1100,7,left up ,10,True False False False
248,1,left,08/09/2025 17:22:27,19/6,-1/0/0,10,1100,7,left up ,9,True False False False
249,1,left,08/09/2025 17:22:27,18/6,-1/0/0,10,1100,7,left up ,8,True False False False
250,1,left,08/09/2025 17:22:27,17/6,-1/0/0,10,1100,7,left up ,7,True False False False
251,1,left,08/09/2025 17:22:28,16/6,-1/0/0,10,1100,7,left up ,6,True False False False
252,1,left,08/09/2025 17:22:28,15/6,-1/0/0,10,1100,7,left up ,5,True False False False
253,1,up,08/09/2025 17:22:28,14/6,-1/0/0,10,1100,7,null up ,4,True False False False
254,1,up,08/09/2025 17:22:28,14/5,0/0/1,10,1100,7,null up ,3,False False True False
255,1,up,08/09/2025 17:22:28,14/4,0/0/1,10,1100,7,null up ,2,False False True False
256,1,up,08/09/2025 17:22:29,14/3,0/0/1,10,1100,7,null up ,1,False False True False
257,1,left,08/09/2025 17:22:29,14/2,0/0/1,10,1200,8,right down ,12,False False True False
258,1,left,08/09/2025 17:22:29,13/2,-1/0/0,10,1200,8,right down ,13,True False False False
259,1,left,08/09/2025 17:22:29,12/2,-1/0/0,10,1200,8,right down ,14,True False False False
260,1,left,08/09/2025 17:22:29,11/2,-1/0/0,10,1200,8,right down ,15,True False False False
261,1,left,08/09/2025 17:22:30,10/2,-1/0/0,10,1200,8,right down ,16,True False False False
262,1,down,08/09/2025 17:22:30,9/2,-1/0/0,10,1200,8,right down ,17,True False False False
263,1,down,08/09/2025 17:22:30,9/3,0/0/-1,10,1200,8,right down ,16,False False False True
264,1,down,08/09/2025 17:22:30,9/4,0/0/-1,10,1200,8,right down ,15,False False False True
265,1,down,08/09/2025 17:22:30,9/5,0/0/-1,10,1200,8,right down ,14,False False False True
266,1,down,08/09/2025 17:22:31,9/6,0/0/-1,10,1200,8,right down ,13,False False False True
267,1,down,08/09/2025 17:22:31,9/7,0/0/-1,10,1200,8,right down ,12,False False False True
268,1,down,08/09/2025 17:22:31,9/8,0/0/-1,10,1200,8,right down ,11,False False False True
269,1,down,08/09/2025 17:22:31,9/9,0/0/-1,10,1200,8,right down ,10,False False False True
270,1,down,08/09/2025 17:22:31,9/10,0/0/-1,10,1200,8,right null ,9,False False False True
271,1,down,08/09/2025 17:22:32,9/11,0/0/-1,10,1200,8,right up ,10,False False False True
272,1,down,08/09/2025 17:22:32,9/12,0/0/-1,10,1200,8,left down ,13,False False False True
273,1,down,08/09/2025 17:22:32,9/13,0/0/-1,10,1200,8,left down ,12,False False False True
274,1,right,08/09/2025 17:22:32,9/14,0/0/-1,10,1200,8,left down ,11,False False False True
275,1,right,08/09/2025 17:22:32,10/14,1/0/0,10,1200,8,left down ,12,False True False False
276,1,right,08/09/2025 17:22:33,11/14,1/0/0,10,1200,8,left down ,13,False True False False
277,1,right,08/09/2025 17:22:33,12/14,1/0/0,10,1200,8,left down ,14,False True False False
278,1,down,08/09/2025 17:22:33,13/14,1/0/0,10,1200,8,left down ,15,False True False False
279,1,left,08/09/2025 17:22:33,13/15,0/0/-1,10,1200,8,left down ,14,False False False True
280,1,left,08/09/2025 17:22:33,12/15,-1/0/0,10,1200,8,left down ,13,True False False True
281,1,left,08/09/2025 17:22:34,11/15,-1/0/0,10,1200,8,left down ,12,True False False True
282,1,left,08/09/2025 17:22:34,10/15,-1/0/0,10,1200,8,left down ,11,True False False True
283,1,left,08/09/2025 17:22:34,9/15,-1/0/0,10,1200,8,left down ,10,True False False False
284,1,left,08/09/2025 17:22:34,8/15,-1/0/0,10,1200,8,left down ,9,True False False False
285,1,left,08/09/2025 17:22:34,7/15,-1/0/0,10,1200,8,left down ,8,True False False False
286,1,left,08/09/2025 17:22:35,6/15,-1/0/0,10,1200,8,left down ,7,True False False False
287,1,down,08/09/2025 17:22:35,5/15,-1/0/0,10,1200,8,left down ,6,True False False False
288,1,down,08/09/2025 17:22:35,5/16,0/0/-1,10,1200,8,left down ,5,False False False True
289,1,left,08/09/2025 17:22:35,5/17,0/0/-1,10,1200,8,left null ,4,False False True True
290,1,left,08/09/2025 17:22:35,4/17,-1/0/0,10,1200,8,left null ,3,True False True False
291,1,left,08/09/2025 17:22:36,3/17,-1/0/0,10,1200,8,left null ,2,True False True False
292,1,left,08/09/2025 17:22:36,2/17,-1/0/0,10,1200,8,left null ,1,True False True False
293,1,up,08/09/2025 17:22:36,1/17,-1/0/0,10,1300,9,right up ,35,True True True False
294,1,up,08/09/2025 17:22:36,1/16,0/0/1,10,1300,9,right up ,34,False True True False
295,1,up,08/09/2025 17:22:36,1/15,0/0/1,10,1300,9,right up ,33,False True True False
296,1,up,08/09/2025 17:22:37,1/14,0/0/1,10,1300,9,right up ,32,False True True False
297,1,right,08/09/2025 17:22:37,1/13,0/0/1,10,1300,9,right up ,31,False True True False
298,1,right,08/09/2025 17:22:37,2/13,1/0/0,10,1300,9,right up ,30,False True False False
299,1,right,08/09/2025 17:22:37,3/13,1/0/0,10,1300,9,right up ,29,False True False False
300,1,right,08/09/2025 17:22:37,4/13,1/0/0,10,1300,9,right up ,28,False True False False
301,1,right,08/09/2025 17:22:38,5/13,1/0/0,10,1300,9,right up ,27,False True False False
302,1,right,08/09/2025 17:22:38,6/13,1/0/0,10,1300,9,right up ,26,False True False False
303,1,right,08/09/2025 17:22:38,7/13,1/0/0,10,1300,9,right up ,25,False True False False
304,1,right,08/09/2025 17:22:38,8/13,1/0/0,10,1300,9,right up ,24,False True False False
305,1,right,08/09/2025 17:22:38,9/13,1/0/0,10,1300,9,right up ,23,False True False False
306,1,right,08/09/2025 17:22:39,10/13,1/0/0,10,1300,9,right up ,22,False True False False
307,1,right,08/09/2025 17:22:39,11/13,1/0/0,10,1300,9,right up ,21,False True False False
308,1,right,08/09/2025 17:22:39,12/13,1/0/0,10,1300,9,right up ,20,False True False False
309,1,right,08/09/2025 17:22:39,13/13,1/0/0,10,1300,9,right up ,19,False True False False
310,1,right,08/09/2025 17:22:39,14/13,1/0/0,10,1300,9,right up ,18,False True False False
311,1,right,08/09/2025 17:22:40,15/13,1/0/0,10,1300,9,right up ,17,False True False False
312,1,right,08/09/2025 17:22:40,16/13,1/0/0,10,1300,9,right up ,16,False True False False
313,1,right,08/09/2025 17:22:40,17/13,1/0/0,10,1300,9,right up ,15,False True False False
314,1,right,08/09/2025 17:22:40,18/13,1/0/0,10,1300,9,right up ,14,False True False False
315,1,right,08/09/2025 17:22:40,19/13,1/0/0,10,1300,9,right up ,13,False True False False
316,1,right,08/09/2025 17:22:41,20/13,1/0/0,10,1300,9,right up ,12,False True False False
317,1,right,08/09/2025 17:22:41,21/13,1/0/0,10,1300,9,right up ,11,False True False False
318,1,right,08/09/2025 17:22:41,22/13,1/0/0,10,1300,9,right up ,10,False True False False
319,1,up,08/09/2025 17:22:41,23/13,1/0/0,10,1300,9,null up ,9,False True False False
320,1,up,08/09/2025 17:22:41,23/12,0/0/1,10,1300,9,null up ,8,False False True False
321,1,up,08/09/2025 17:22:42,23/11,0/0/1,10,1300,9,null up ,7,False False True False
322,1,up,08/09/2025 17:22:42,23/10,0/0/1,10,1300,9,null up ,6,False False True False
323,1,up,08/09/2025 17:22:42,23/9,0/0/1,10,1300,9,null up ,5,False False True False
324,1,up,08/09/2025 17:22:42,23/8,0/0/1,10,1300,9,null up ,4,False False True False
325,1,up,08/09/2025 17:22:42,23/7,0/0/1,10,1300,9,null up ,3,False False True False
326,1,up,08/09/2025 17:22:43,23/6,0/0/1,10,1300,9,null up ,2,False False True False
327,1,up,08/09/2025 17:22:43,23/5,0/0/1,10,1300,9,null up ,1,False False True False
328,1,left,08/09/2025 17:22:43,23/4,0/0/1,10,1400,10,left down ,9,False False True False
329,1,left,08/09/2025 17:22:43,22/4,-1/0/0,10,1400,10,left down ,8,True False False False
330,1,left,08/09/2025 17:22:43,21/4,-1/0/0,10,1400,10,null down ,7,True False False False
331,1,left,08/09/2025 17:22:44,20/4,-1/0/0,10,1400,10,right down ,8,True False False False
332,1,left,08/09/2025 17:22:44,19/4,-1/0/0,10,1400,10,right down ,9,True False False False
333,1,left,08/09/2025 17:22:44,18/4,-1/0/0,10,1400,10,right down ,10,True False False False
334,1,left,08/09/2025 17:22:44,17/4,-1/0/0,10,1400,10,right down ,11,True False False False
335,1,left,08/09/2025 17:22:46,16/4,1/0/0,10,1400,3,left null ,3,False False False False
336,1,left,08/09/2025 17:22:46,4/9,1/0/0,10,1400,3,right up ,14,False True False False
337,1,left,08/09/2025 17:22:47,5/9,1/0/0,10,1400,3,right up ,13,False True False False
338,1,left,08/09/2025 17:22:47,6/9,1/0/0,10,1400,3,right up ,12,False True False False
339,1,left,08/09/2025 17:22:47,7/9,1/0/0,10,1400,3,right up ,11,False True False False
340,1,up,08/09/2025 17:22:47,8/9,1/0/0,10,1400,3,right up ,10,False True False False
341,1,up,08/09/2025 17:22:47,8/8,0/0/1,10,1400,3,right up ,9,False False True False
342,1,up,08/09/2025 17:22:48,8/7,0/0/1,10,1400,3,right up ,8,False False True False
343,1,up,08/09/2025 17:22:48,8/6,0/0/1,10,1400,3,right up ,7,False False True False
344,1,up,08/09/2025 17:22:48,8/5,0/0/1,10,1400,3,right up ,6,False False True False
345,1,right,08/09/2025 17:22:48,8/4,0/0/1,10,1400,3,right null ,5,False False True False
346,1,right,08/09/2025 17:22:48,9/4,1/0/0,10,1400,3,right null ,4,False True False False
347,1,right,08/09/2025 17:22:49,10/4,1/0/0,10,1400,3,right null ,3,False True False False
348,1,right,08/09/2025 17:22:49,11/4,1/0/0,10,1400,3,right null ,2,False True False False
349,1,right,08/09/2025 17:22:49,12/4,1/0/0,10,1400,3,right null ,1,False True False False
350,1,right,08/09/2025 17:22:49,13/4,1/0/0,10,1500,4,left down ,16,False True False False
351,1,right,08/09/2025 17:22:49,14/4,1/0/0,10,1500,4,left down ,17,False True False False
352,1,right,08/09/2025 17:22:50,15/4,1/0/0,10,1500,4,left down ,18,False True False False
353,1,right,08/09/2025 17:22:50,16/4,1/0/0,10,1500,4,left down ,19,False True False False
354,1,right,08/09/2025 17:22:50,17/4,1/0/0,10,1500,4,left down ,20,False True False False
355,1,right,08/09/2025 17:22:50,18/4,1/0/0,10,1500,4,left down ,21,False True False False
356,1,right,08/09/2025 17:22:50,19/4,1/0/0,10,1500,4,left down ,22,False True False False
357,1,down,08/09/2025 17:22:51,20/4,1/0/0,10,1500,4,left down ,23,False True False False
358,1,down,08/09/2025 17:22:51,20/5,0/0/-1,10,1500,4,left down ,22,False False False True
359,1,down,08/09/2025 17:22:51,20/6,0/0/-1,10,1500,4,left null ,19,False False False True
360,1,down,08/09/2025 17:22:51,20/7,0/0/-1,10,1500,4,left up ,20,False False False True
361,1,down,08/09/2025 17:22:51,20/8,0/0/-1,10,1500,4,left up ,21,False False False True
362,1,down,08/09/2025 17:22:52,20/9,0/0/-1,10,1500,4,left up ,22,False False False True
363,1,down,08/09/2025 17:22:52,20/10,0/0/-1,10,1500,4,left up ,23,False False False True
364,1,down,08/09/2025 17:22:52,20/11,0/0/-1,10,1500,4,left up ,24,False False False True
365,1,down,08/09/2025 17:22:52,20/12,0/0/-1,10,1500,4,left up ,25,False False False True
366,1,down,08/09/2025 17:22:52,20/13,0/0/-1,10,1500,4,left up ,26,False False False True
367,1,left,08/09/2025 17:22:53,20/14,0/0/-1,10,1500,4,left up ,27,False False False True
368,1,left,08/09/2025 17:22:53,19/14,-1/0/0,10,1500,4,left up ,26,True False False False
369,1,left,08/09/2025 17:22:53,18/14,-1/0/0,10,1500,4,left up ,25,True False False False
370,1,left,08/09/2025 17:22:53,17/14,-1/0/0,10,1500,4,left up ,24,True False False False
371,1,left,08/09/2025 17:22:53,16/14,-1/0/0,10,1500,4,left up ,23,True False False False
372,1,left,08/09/2025 17:22:54,15/14,-1/0/0,10,1500,4,left up ,22,True False False False
373,1,left,08/09/2025 17:22:54,14/14,-1/0/0,10,1500,4,left up ,21,True False False False
374,1,left,08/09/2025 17:22:54,13/14,-1/0/0,10,1500,4,left up ,20,True False False False
375,1,left,08/09/2025 17:22:54,12/14,-1/0/0,10,1500,4,left up ,19,True False False False
376,1,left,08/09/2025 17:22:54,11/14,-1/0/0,10,1500,4,left up ,18,True False False False
377,1,left,08/09/2025 17:22:55,10/14,-1/0/0,10,1500,4,left up ,17,True False False False
378,1,left,08/09/2025 17:22:55,9/14,-1/0/0,10,1500,4,left up ,16,True False False False
379,1,left,08/09/2025 17:22:55,8/14,-1/0/0,10,1500,4,right up ,29,True False False False
380,1,left,08/09/2025 17:22:55,7/14,-1/0/0,10,1500,4,right up ,30,True False False False
381,1,up,08/09/2025 17:22:55,6/14,-1/0/0,10,1500,4,right up ,31,True False False False
382,1,up,08/09/2025 17:22:56,6/13,0/0/1,10,1500,4,right up ,30,False False True False
383,1,up,08/09/2025 17:22:56,6/12,0/0/1,10,1500,4,right up ,29,False False True False
384,1,right,08/09/2025 17:22:56,6/11,0/0/1,10,1500,4,right up ,28,False False True False
385,1,right,08/09/2025 17:22:56,7/11,1/0/0,10,1500,4,right up ,27,False True False False
386,1,right,08/09/2025 17:22:56,8/11,1/0/0,10,1500,4,right up ,26,False True False False
387,1,right,08/09/2025 17:22:57,9/11,1/0/0,10,1500,4,right up ,25,False True False False
388,1,right,08/09/2025 17:22:57,10/11,1/0/0,10,1500,4,right up ,24,False True False False
389,1,right,08/09/2025 17:22:57,11/11,1/0/0,10,1500,4,right up ,23,False True False False
390,1,right,08/09/2025 17:22:57,12/11,1/0/0,10,1500,4,right up ,22,False True False False
391,1,right,08/09/2025 17:22:57,13/11,1/0/0,10,1500,4,right up ,21,False True False False
392,1,right,08/09/2025 17:22:58,14/11,1/0/0,10,1500,4,right up ,20,False True False False
393,1,right,08/09/2025 17:22:58,15/11,1/0/0,10,1500,4,right up ,19,False True False False
394,1,right,08/09/2025 17:22:58,16/11,1/0/0,10,1500,4,right up ,18,False True False False
395,1,right,08/09/2025 17:22:58,17/11,1/0/0,10,1500,4,right up ,17,False True False False
396,1,right,08/09/2025 17:22:58,18/11,1/0/0,10,1500,4,right up ,16,False True False False
397,1,right,08/09/2025 17:22:59,19/11,1/0/0,10,1500,4,right up ,15,False True False False
398,1,right,08/09/2025 17:22:59,20/11,1/0/0,10,1500,4,right up ,14,False True False False
399,1,right,08/09/2025 17:22:59,21/11,1/0/0,10,1500,4,right up ,13,False True False False
400,1,right,08/09/2025 17:22:59,22/11,1/0/0,10,1500,4,right up ,12,False True False False
401,1,right,08/09/2025 17:22:59,23/11,1/0/0,10,1500,4,right up ,11,False True False False
402,1,left,08/09/2025 17:23:22,0/0,1/0/0,10,0,3,right down ,21,False True False True
403,1,left,08/09/2025 17:23:22,4/9,1/0/0,10,0,3,right up ,22,False True False False
404,1,left,08/09/2025 17:23:22,5/9,1/0/0,10,0,3,right up ,21,False True False False
405,1,left,08/09/2025 17:23:23,6/9,1/0/0,10,0,3,right up ,20,False True False False
406,1,up,08/09/2025 17:23:23,7/9,1/0/0,10,0,3,right up ,19,False True False False
407,1,up,08/09/2025 17:23:23,7/8,0/0/1,10,0,3,right up ,18,False False True False
408,1,up,08/09/2025 17:23:23,7/7,0/0/1,10,0,3,right up ,17,False False True False
409,1,up,08/09/2025 17:23:23,7/6,0/0/1,10,0,3,right up ,16,False False True False
410,1,up,08/09/2025 17:23:24,7/5,0/0/1,10,0,3,right up ,15,False False True False
411,1,up,08/09/2025 17:23:24,7/4,0/0/1,10,0,3,right up ,14,False False True False
412,1,up,08/09/2025 17:23:24,7/3,0/0/1,10,0,3,right up ,13,False False True False
413,1,right,08/09/2025 17:23:24,7/2,0/0/1,10,0,3,right null ,12,False False True False
414,1,right,08/09/2025 17:23:24,8/2,1/0/0,10,0,3,right null ,11,False True False False
415,1,right,08/09/2025 17:23:25,9/2,1/0/0,10,0,3,right null ,10,False True False False
416,1,right,08/09/2025 17:23:25,10/2,1/0/0,10,0,3,right null ,9,False True False False
417,1,right,08/09/2025 17:23:25,11/2,1/0/0,10,0,3,right null ,8,False True False False
418,1,right,08/09/2025 17:23:25,12/2,1/0/0,10,0,3,right null ,7,False True False False
419,1,right,08/09/2025 17:23:25,13/2,1/0/0,10,0,3,right null ,6,False True False False
420,1,right,08/09/2025 17:23:26,14/2,1/0/0,10,0,3,right null ,5,False True False False
421,1,right,08/09/2025 17:23:26,15/2,1/0/0,10,0,3,right null ,4,False True False False
422,1,right,08/09/2025 17:23:26,16/2,1/0/0,10,0,3,right null ,3,False True False False
423,1,right,08/09/2025 17:23:26,17/2,1/0/0,10,0,3,right null ,2,False True False False
424,1,right,08/09/2025 17:23:26,18/2,1/0/0,10,0,3,right null ,1,False True False False
425,1,right,08/09/2025 17:23:27,19/2,1/0/0,10,100,4,left down ,14,False True False False
426,1,right,08/09/2025 17:23:27,20/2,1/0/0,10,100,4,left down ,15,False True False False
427,1,down,08/09/2025 17:23:27,21/2,1/0/0,10,100,4,left down ,16,False True False False
428,1,down,08/09/2025 17:23:27,21/3,0/0/-1,10,100,4,left null ,15,False False False True
429,1,left,08/09/2025 17:23:27,21/4,0/0/-1,10,100,4,left up ,16,False False False True
430,1,left,08/09/2025 17:23:28,20/4,-1/0/0,10,100,4,left up ,15,True False False False
431,1,left,08/09/2025 17:23:28,19/4,-1/0/0,10,100,4,left up ,14,True False False False
432,1,left,08/09/2025 17:23:28,18/4,-1/0/0,10,100,4,left up ,13,True False False False
433,1,left,08/09/2025 17:23:28,17/4,-1/0/0,10,100,4,left up ,12,True False False False
434,1,left,08/09/2025 17:23:28,16/4,-1/0/0,10,100,4,left up ,11,True False False False
435,1,left,08/09/2025 17:23:29,15/4,-1/0/0,10,100,4,left up ,10,True False False False
436,1,left,08/09/2025 17:23:29,14/4,-1/0/0,10,100,4,left up ,9,True False False False
437,1,left,08/09/2025 17:23:29,13/4,-1/0/0,10,100,4,left up ,8,True False False False
438,1,left,08/09/2025 17:23:29,12/4,-1/0/0,10,100,4,left up ,7,True False False False
439,1,left,08/09/2025 17:23:29,11/4,-1/0/0,10,100,4,left up ,6,True False False False
440,1,left,08/09/2025 17:23:30,10/4,-1/0/0,10,100,4,left up ,5,True False False False
441,1,left,08/09/2025 17:23:30,9/4,-1/0/0,10,100,4,left up ,4,True False False False
442,1,left,08/09/2025 17:23:30,8/4,-1/0/0,10,100,4,left up ,3,True False False False
443,1,left,08/09/2025 17:23:30,7/4,-1/0/0,10,100,4,left up ,2,True False False False
444,1,up,08/09/2025 17:23:30,6/4,-1/0/0,10,100,4,null up ,1,True False False False
445,1,right,08/09/2025 17:23:31,6/3,0/0/1,10,200,5,right up ,23,False False True False
446,1,right,08/09/2025 17:23:31,7/3,1/0/0,10,200,5,right up ,22,False True True False
447,1,right,08/09/2025 17:23:31,8/3,1/0/0,10,200,5,right up ,21,False True False False
448,1,right,08/09/2025 17:23:31,9/3,1/0/0,10,200,5,right up ,20,False True False False
449,1,right,08/09/2025 17:23:31,10/3,1/0/0,10,200,5,right up ,19,False True False False
450,1,right,08/09/2025 17:23:32,11/3,1/0/0,10,200,5,right up ,18,False True False False
451,1,right,08/09/2025 17:23:32,12/3,1/0/0,10,200,5,right up ,17,False True False False
452,1,right,08/09/2025 17:23:32,13/3,1/0/0,10,200,5,right up ,16,False True False False
453,1,right,08/09/2025 17:23:32,14/3,1/0/0,10,200,5,right up ,15,False True False False
454,1,right,08/09/2025 17:23:32,15/3,1/0/0,10,200,5,right up ,14,False True False False
455,1,right,08/09/2025 17:23:33,16/3,1/0/0,10,200,5,right up ,13,False True False False
456,1,right,08/09/2025 17:23:33,17/3,1/0/0,10,200,5,right up ,12,False True False False
457,1,right,08/09/2025 17:23:33,18/3,1/0/0,10,200,5,right up ,11,False True False False
458,1,right,08/09/2025 17:23:33,19/3,1/0/0,10,200,5,right up ,10,False True False False
459,1,right,08/09/2025 17:23:33,20/3,1/0/0,10,200,5,right down ,12,False True False False
460,1,right,08/09/2025 17:23:34,21/3,1/0/0,10,200,5,right down ,11,False True False False
461,1,right,08/09/2025 17:23:34,22/3,1/0/0,10,200,5,right down ,10,False True False False
462,1,right,08/09/2025 17:23:34,23/3,1/0/0,10,200,5,right down ,9,False True False False
463,1,right,08/09/2025 17:23:34,24/3,1/0/0,10,200,5,right down ,8,False True False False
464,1,right,08/09/2025 17:23:34,25/3,1/0/0,10,200,5,right down ,7,False True False False
465,1,right,08/09/2025 17:23:35,26/3,1/0/0,10,200,5,right down ,6,False True False False
466,1,down,08/09/2025 17:23:35,27/3,1/0/0,10,200,5,null down ,5,False True False False
467,1,down,08/09/2025 17:23:35,27/4,0/0/-1,10,200,5,null down ,4,False False False True
468,1,down,08/09/2025 17:23:35,27/5,0/0/-1,10,200,5,null down ,3,False False False True
469,1,down,08/09/2025 17:23:35,27/6,0/0/-1,10,200,5,null down ,2,False False False True
470,1,down,08/09/2025 17:23:36,27/7,0/0/-1,10,200,5,null down ,1,False False False True
471,1,down,08/09/2025 17:23:36,27/8,0/0/-1,10,300,6,left down ,4,False False False True
472,1,left,08/09/2025 17:23:36,27/9,0/0/-1,10,300,6,left null ,3,False False False True
473,1,left,08/09/2025 17:23:36,26/9,-1/0/0,10,300,6,left null ,2,True False False False
474,1,left,08/09/2025 17:23:36,25/9,-1/0/0,10,300,6,left null ,1,True False False False
475,1,left,08/09/2025 17:23:37,24/9,-1/0/0,10,400,7,left down ,25,True False False False
476,1,left,08/09/2025 17:23:37,23/9,-1/0/0,10,400,7,left down ,24,True False False False
477,1,left,08/09/2025 17:23:37,22/9,-1/0/0,10,400,7,left down ,23,True False False False
478,1,left,08/09/2025 17:23:37,21/9,-1/0/0,10,400,7,left down ,22,True False False False
479,1,left,08/09/2025 17:23:37,20/9,-1/0/0,10,400,7,left down ,21,True False False False
480,1,left,08/09/2025 17:23:38,19/9,-1/0/0,10,400,7,left down ,20,True False False False
481,1,left,08/09/2025 17:23:38,18/9,-1/0/0,10,400,7,left down ,19,True False False False
482,1,left,08/09/2025 17:23:38,17/9,-1/0/0,10,400,7,left down ,18,True False False False
483,1,left,08/09/2025 17:23:38,16/9,-1/0/0,10,400,7,left down ,17,True False False False
484,1,left,08/09/2025 17:23:38,15/9,-1/0/0,10,400,7,left down ,16,True False False False
485,1,left,08/09/2025 17:23:39,14/9,-1/0/0,10,400,7,left down ,15,True False False False
486,1,down,08/09/2025 17:23:39,13/9,-1/0/0,10,400,7,left down ,14,True False False False
487,1,down,08/09/2025 17:23:39,13/10,0/0/-1,10,400,7,left down ,13,False False False True
488,1,down,08/09/2025 17:23:39,13/11,0/0/-1,10,400,7,left down ,12,False False False True
489,1,down,08/09/2025 17:23:39,13/12,0/0/-1,10,400,7,left down ,11,False False False True
490,1,down,08/09/2025 17:23:40,13/13,0/0/-1,10,400,7,left down ,10,False False False True
491,1,down,08/09/2025 17:23:40,13/14,0/0/-1,10,400,7,left down ,9,False False False True
492,1,down,08/09/2025 17:23:40,13/15,0/0/-1,10,400,7,left down ,8,False False False True
493,1,left,08/09/2025 17:23:40,13/16,0/0/-1,10,400,7,left null ,7,False False False True
494,1,left,08/09/2025 17:23:40,12/16,-1/0/0,10,400,7,left null ,6,True False False False
495,1,left,08/09/2025 17:23:41,11/16,-1/0/0,10,400,7,left null ,5,True False False False
496,1,left,08/09/2025 17:23:41,10/16,-1/0/0,10,400,7,left null ,4,True False False False
497,1,left,08/09/2025 17:23:41,9/16,-1/0/0,10,400,7,left null ,3,True False False False
498,1,left,08/09/2025 17:23:41,8/16,-1/0/0,10,400,7,left null ,2,True False False False
499,1,left,08/09/2025 17:23:41,7/16,-1/0/0,10,400,7,left null ,1,True False False False
500,1,left,08/09/2025 17:23:42,6/16,-1/0/0,10,500,8,right up ,17,True False False False
501,1,left,08/09/2025 17:23:42,5/16,-1/0/0,10,500,8,right up ,18,True False False False
502,1,up,08/09/2025 17:23:42,4/16,-1/0/0,10,500,8,right up ,19,True False False False
503,1,up,08/09/2025 17:23:42,4/15,0/0/1,10,500,8,right up ,18,False False True False
504,1,right,08/09/2025 17:23:42,4/14,0/0/1,10,500,8,right up ,17,False False True False
505,1,right,08/09/2025 17:23:43,5/14,1/0/0,10,500,8,right up ,16,False True False False
506,1,right,08/09/2025 17:23:43,6/14,1/0/0,10,500,8,right up ,15,False True False False
507,1,right,08/09/2025 17:23:43,7/14,1/0/0,10,500,8,right up ,14,False True False False
508,1,right,08/09/2025 17:23:43,8/14,1/0/0,10,500,8,right up ,13,False True False False
509,1,right,08/09/2025 17:23:43,9/14,1/0/0,10,500,8,right up ,12,False True False False
510,1,right,08/09/2025 17:23:44,10/14,1/0/0,10,500,8,right up ,11,False True False False
511,1,right,08/09/2025 17:23:44,11/14,1/0/0,10,500,8,right up ,10,False True False False
512,1,right,08/09/2025 17:23:44,12/14,1/0/0,10,500,8,right up ,9,False True False False
513,1,right,08/09/2025 17:23:44,13/14,1/0/0,10,500,8,right up ,8,False True False False
514,1,right,08/09/2025 17:23:44,14/14,1/0/0,10,500,8,right up ,7,False True False False
515,1,right,08/09/2025 17:23:45,15/14,1/0/0,10,500,8,right up ,6,False True False False
516,1,right,08/09/2025 17:23:45,16/14,1/0/0,10,500,8,right up ,5,False True False False
517,1,right,08/09/2025 17:23:45,17/14,1/0/0,10,500,8,right up ,4,False True False False
518,1,right,08/09/2025 17:23:45,18/14,1/0/0,10,500,8,right up ,3,False True False False
519,1,right,08/09/2025 17:23:45,19/14,1/0/0,10,500,8,right up ,2,False True False False
520,1,up,08/09/2025 17:23:46,20/14,1/0/0,10,500,8,null up ,1,False True False False
521,1,up,08/09/2025 17:23:46,20/13,0/0/1,10,600,9,left null ,10,False False True False
522,1,up,08/09/2025 17:23:46,20/12,0/0/1,10,600,9,left down ,11,False False True False
523,1,up,08/09/2025 17:23:46,20/11,0/0/1,10,600,9,left down ,12,False False True False
524,1,up,08/09/2025 17:23:46,20/10,0/0/1,10,600,9,left down ,13,False False True False
525,1,up,08/09/2025 17:23:47,20/9,0/0/1,10,600,9,left down ,14,False False True False
526,1,left,08/09/2025 17:23:47,20/8,0/0/1,10,600,9,left down ,15,False False True False
527,1,left,08/09/2025 17:23:47,19/8,-1/0/0,10,600,9,left down ,14,True False False False
528,1,left,08/09/2025 17:23:47,18/8,-1/0/0,10,600,9,left down ,13,True False False False
529,1,left,08/09/2025 17:23:47,17/8,-1/0/0,10,600,9,left down ,12,True False False False
530,1,left,08/09/2025 17:23:48,16/8,-1/0/0,10,600,9,left down ,11,True False False False
531,1,left,08/09/2025 17:23:48,15/8,-1/0/0,10,600,9,left down ,10,True False False False
532,1,left,08/09/2025 17:23:48,14/8,-1/0/0,10,600,9,left down ,9,True False False False
533,1,left,08/09/2025 17:23:48,13/8,-1/0/0,10,600,9,left down ,8,True False False False
534,1,left,08/09/2025 17:23:48,12/8,-1/0/0,10,600,9,left down ,7,True False False False
535,1,left,08/09/2025 17:23:49,11/8,-1/0/0,10,600,9,left down ,6,True False False False
536,1,down,08/09/2025 17:23:49,10/8,-1/0/0,10,600,9,null down ,5,True False False False
537,1,down,08/09/2025 17:23:49,10/9,0/0/-1,10,600,9,null down ,4,False False False True
538,1,down,08/09/2025 17:23:49,10/10,0/0/-1,10,600,9,null down ,3,False False False True
539,1,down,08/09/2025 17:23:49,10/11,0/0/-1,10,600,9,null down ,2,False False False True
540,1,down,08/09/2025 17:23:50,10/12,0/0/-1,10,600,9,null down ,1,False False False True
541,1,down,08/09/2025 17:23:50,10/13,0/0/-1,10,700,10,left down ,5,False False False True
542,1,down,08/09/2025 17:23:50,10/14,0/0/-1,10,700,10,left down ,4,False False False True
543,1,down,08/09/2025 17:23:50,10/15,0/0/-1,10,700,10,left down ,3,False False False True
544,1,left,08/09/2025 17:23:50,10/16,0/0/-1,10,700,10,left null ,2,False False False True
545,1,left,08/09/2025 17:23:51,9/16,-1/0/0,10,700,10,left null ,1,True False False False
546,1,left,08/09/2025 17:23:51,8/16,-1/0/0,10,800,11,left up ,16,True False False False
547,1,up,08/09/2025 17:23:51,7/16,-1/0/0,10,800,11,left up ,15,True False False False
548,1,up,08/09/2025 17:23:51,7/15,0/0/1,10,800,11,left up ,14,False False True False
549,1,up,08/09/2025 17:23:51,7/14,0/0/1,10,800,11,left up ,13,False False True False
550,1,up,08/09/2025 17:23:52,7/13,0/0/1,10,800,11,left up ,12,False False True False
551,1,up,08/09/2025 17:23:52,7/12,0/0/1,10,800,11,left up ,11,False False True False
552,1,left,08/09/2025 17:23:52,7/11,0/0/1,10,800,11,left up ,10,False False True False
553,1,left,08/09/2025 17:23:52,6/11,-1/0/0,10,800,11,left up ,9,True False False False
554,1,left,08/09/2025 17:23:52,5/11,-1/0/0,10,800,11,left up ,8,True False False False
555,1,left,08/09/2025 17:23:53,4/11,-1/0/0,10,800,11,left up ,7,True False False False
556,1,left,08/09/2025 17:23:53,3/11,-1/0/0,10,800,11,null up ,6,True False False False
557,1,up,08/09/2025 17:23:53,2/11,-1/0/0,10,800,11,right up ,7,True False False False
558,1,up,08/09/2025 17:23:53,2/10,0/0/1,10,800,11,right up ,6,False False True False
559,1,up,08/09/2025 17:23:54,2/9,0/0/1,10,800,11,right up ,5,False False True False
560,1,up,08/09/2025 17:23:54,2/8,0/0/1,10,800,11,right up ,4,False False True False
561,1,up,08/09/2025 17:23:54,2/7,0/0/1,10,800,11,right up ,3,False False True False
562,1,up,08/09/2025 17:23:54,2/6,0/0/1,10,800,11,right up ,2,False False True False
563,1,right,08/09/2025 17:23:54,2/5,0/0/1,10,800,11,right null ,1,False False True False
564,1,right,08/09/2025 17:23:55,3/5,1/0/0,10,900,12,right down ,18,False True False False
565,1,right,08/09/2025 17:23:55,4/5,1/0/0,10,900,12,right down ,17,False True False False
566,1,right,08/09/2025 17:23:55,5/5,1/0/0,10,900,12,right down ,16,False True False False
567,1,right,08/09/2025 17:23:55,6/5,1/0/0,10,900,12,right down ,15,False True False False
568,1,right,08/09/2025 17:23:55,7/5,1/0/0,10,900,12,right down ,14,False True False False
569,1,right,08/09/2025 17:23:56,8/5,1/0/0,10,900,12,right down ,13,False True False False
570,1,right,08/09/2025 17:23:56,9/5,1/0/0,10,900,12,right down ,12,False True False False
571,1,right,08/09/2025 17:23:56,10/5,1/0/0,10,900,12,right down ,11,False True False False
572,1,right,08/09/2025 17:23:56,11/5,1/0/0,10,900,12,right down ,10,False True False False
573,1,right,08/09/2025 17:23:56,12/5,1/0/0,10,900,12,right down ,9,False True False False
574,1,right,08/09/2025 17:23:57,13/5,1/0/0,10,900,12,right down ,8,False True False False
575,1,right,08/09/2025 17:23:57,14/5,1/0/0,10,900,12,right down ,7,False True False False
576,1,right,08/09/2025 17:23:57,15/5,1/0/0,10,900,12,right down ,6,False True False False
577,1,right,08/09/2025 17:23:57,16/5,1/0/0,10,900,12,right down ,5,False True False False
578,1,right,08/09/2025 17:23:57,17/5,1/0/0,10,900,12,right down ,4,False True False False
579,1,right,08/09/2025 17:23:58,18/5,1/0/0,10,900,12,right down ,3,False True False False
580,1,right,08/09/2025 17:23:58,19/5,1/0/0,10,900,12,right down ,2,False True False False
581,1,down,08/09/2025 17:23:58,20/5,1/0/0,10,900,12,null down ,1,False True False False
582,1,down,08/09/2025 17:23:58,20/6,0/0/-1,10,1000,13,left down ,5,False False False True
583,1,down,08/09/2025 17:23:58,20/7,0/0/-1,10,1000,13,left down ,4,False False False True
584,1,left,08/09/2025 17:23:59,20/8,0/0/-1,10,1000,13,left null ,3,False False False True
585,1,left,08/09/2025 17:23:59,19/8,-1/0/0,10,1000,13,left null ,2,True False False False
586,1,left,08/09/2025 17:23:59,18/8,-1/0/0,10,1000,13,left null ,1,True False False False
587,1,left,08/09/2025 17:23:59,17/8,-1/0/0,10,1100,14,right up ,7,True False False False
588,1,left,08/09/2025 17:23:59,16/8,-1/0/0,10,1100,14,right up ,8,True False False False
589,1,left,08/09/2025 17:24:00,15/8,-1/0/0,10,1100,14,right up ,9,True False False False
590,1,left,08/09/2025 17:24:00,14/8,-1/0/0,10,1100,14,right up ,10,True False False False
591,1,left,08/09/2025 17:24:00,13/8,-1/0/0,10,1100,14,right up ,11,True False False False
592,1,left,08/09/2025 17:24:00,12/8,-1/0/0,10,1100,14,right up ,12,True False False False
593,1,down,08/09/2025 17:24:00,11/8,-1/0/0,10,1100,14,right up ,13,True False False False
594,1,down,08/09/2025 17:24:01,11/9,0/0/-1,10,1100,14,right up ,14,False False False True
595,1,down,08/09/2025 17:24:01,11/10,0/0/-1,10,1100,14,right up ,15,False False False True
596,1,down,08/09/2025 17:24:01,11/11,0/0/-1,10,1100,14,right up ,16,False False False True
597,1,down,08/09/2025 17:24:01,11/12,0/0/-1,10,1100,14,right up ,17,False False False True
598,1,down,08/09/2025 17:24:01,11/13,0/0/-1,10,1100,14,right up ,18,False False False True
599,1,down,08/09/2025 17:24:02,11/14,0/0/-1,10,1100,14,right up ,19,False False False True
600,1,right,08/09/2025 17:24:02,11/15,0/0/-1,10,1100,14,right up ,20,False False False True
601,1,right,08/09/2025 17:24:02,12/15,1/0/0,10,1100,14,right up ,19,False True False False
602,1,right,08/09/2025 17:24:02,13/15,1/0/0,10,1100,14,right up ,18,False True False False
603,1,right,08/09/2025 17:24:02,14/15,1/0/0,10,1100,14,right up ,17,False True False False
604,1,right,08/09/2025 17:24:03,15/15,1/0/0,10,1100,14,right up ,16,False True False False
605,1,right,08/09/2025 17:24:03,16/15,1/0/0,10,1100,14,right up ,15,False True False False
606,1,right,08/09/2025 17:24:03,17/15,1/0/0,10,1100,14,right up ,14,False True False False
607,1,right,08/09/2025 17:24:03,18/15,1/0/0,10,1100,14,right up ,13,False True False False
608,1,right,08/09/2025 17:24:03,19/15,1/0/0,10,1100,14,right up ,12,False True False False
609,1,right,08/09/2025 17:24:04,20/15,1/0/0,10,1100,14,left up ,18,False True False False
610,1,right,08/09/2025 17:24:04,21/15,1/0/0,10,1100,14,left up ,19,False True False False
611,1,right,08/09/2025 17:24:04,22/15,1/0/0,10,1100,14,left up ,20,False True False False
612,1,up,08/09/2025 17:24:04,23/15,1/0/0,10,1100,14,left up ,21,False True False False
613,1,up,08/09/2025 17:24:04,23/14,0/0/1,10,1100,14,left up ,20,False False True False
614,1,up,08/09/2025 17:24:05,23/13,0/0/1,10,1100,14,left null ,19,False False True False
615,1,up,08/09/2025 17:24:05,23/12,0/0/1,10,1100,14,left down ,20,False False True False
616,1,up,08/09/2025 17:24:05,23/11,0/0/1,10,1100,14,left down ,21,False False True False
617,1,up,08/09/2025 17:24:05,23/10,0/0/1,10,1100,14,left down ,22,False False True False
618,1,up,08/09/2025 17:24:05,23/9,0/0/1,10,1100,14,left down ,23,False False True False
619,1,up,08/09/2025 17:24:06,23/8,0/0/1,10,1100,14,left down ,24,False False True False
620,1,up,08/09/2025 17:24:06,23/7,0/0/1,10,1100,14,left down ,25,False False True False
621,1,up,08/09/2025 17:24:06,23/6,0/0/1,10,1100,14,left down ,26,False False True False
622,1,left,08/09/2025 17:24:06,23/5,0/0/1,10,1100,14,left down ,27,False False True False
623,1,left,08/09/2025 17:24:06,22/5,-1/0/0,10,1100,14,left down ,26,True False False False
624,1,left,08/09/2025 17:24:07,21/5,-1/0/0,10,1100,14,left down ,25,True False False False
625,1,left,08/09/2025 17:24:07,20/5,-1/0/0,10,1100,14,left down ,24,True False False False
626,1,left,08/09/2025 17:24:07,19/5,-1/0/0,10,1100,14,left down ,23,True False False False
627,1,left,08/09/2025 17:24:07,18/5,-1/0/0,10,1100,14,left down ,22,True False False False
628,1,left,08/09/2025 17:24:07,17/5,-1/0/0,10,1100,14,left down ,21,True False False False
629,1,left,08/09/2025 17:24:08,16/5,-1/0/0,10,1100,14,left down ,20,True False False False
630,1,left,08/09/2025 17:24:08,15/5,-1/0/0,10,1100,14,left down ,19,True False False False
631,1,left,08/09/2025 17:24:08,14/5,-1/0/0,10,1100,14,left down ,18,True False False False
632,1,left,08/09/2025 17:24:08,13/5,-1/0/0,10,1100,14,left down ,17,True False False False
633,1,left,08/09/2025 17:24:08,12/5,-1/0/0,10,1100,14,left down ,16,True False False False
634,1,left,08/09/2025 17:24:09,11/5,-1/0/0,10,1100,14,null down ,1,True False False False
635,1,left,08/09/2025 17:24:09,10/5,-1/0/0,10,1100,14,right down ,2,True False False False
636,1,left,08/09/2025 17:24:09,9/5,-1/0/0,10,1100,14,right down ,3,True False False False
637,1,down,08/09/2025 17:24:09,8/5,-1/0/0,10,1100,14,right down ,4,True False False False
638,1,down,08/09/2025 17:24:09,8/6,0/0/-1,10,1100,14,right null ,3,False False False True
639,1,down,08/09/2025 17:24:10,8/7,0/0/-1,10,1100,14,right up ,4,False False False True
640,1,down,08/09/2025 17:24:10,8/8,0/0/-1,10,1100,14,right up ,5,False False False True
641,1,down,08/09/2025 17:24:10,8/9,0/0/-1,10,1100,14,right up ,6,False False False True
642,1,down,08/09/2025 17:24:10,8/10,0/0/-1,10,1100,14,right up ,7,False False False True
643,1,left,08/09/2025 17:24:10,8/11,0/0/-1,10,1100,14,right up ,8,False False False True
644,1,left,08/09/2025 17:24:11,7/11,-1/0/0,10,1100,14,right up ,9,True False False False
645,1,down,08/09/2025 17:24:11,6/11,-1/0/0,10,1100,14,right up ,10,True False False False
646,1,down,08/09/2025 17:24:11,6/12,0/0/-1,10,1100,14,right up ,11,False False False True
647,1,right,08/09/2025 17:24:11,6/13,0/0/-1,10,1100,14,right up ,12,False False False True
648,1,right,08/09/2025 17:24:11,7/13,1/0/0,10,1100,14,right down ,5,False True False False
649,1,right,08/09/2025 17:24:12,8/13,1/0/0,10,1100,14,right down ,4,False True False False
650,1,right,08/09/2025 17:24:12,9/13,1/0/0,10,1100,14,null down ,3,False True False False
651,1,right,08/09/2025 17:24:12,10/13,1/0/0,10,1100,14,left down ,4,False True False False
652,1,down,08/09/2025 17:24:12,11/13,1/0/0,10,1100,14,left down ,5,False True False False
653,1,down,08/09/2025 17:24:12,11/14,0/0/-1,10,1100,14,left down ,4,False False False True
654,1,left,08/09/2025 17:24:13,11/15,0/0/-1,10,1100,14,left down ,3,False False False True
655,1,left,08/09/2025 17:24:13,10/15,-1/0/0,10,1100,14,left down ,2,True False False False
656,1,left,08/09/2025 17:24:13,9/15,-1/0/0,10,1100,14,null down ,1,True False False False
657,1,left,08/09/2025 17:24:43,0/0,1/0/0,10,0,3,right down ,18,False True False True
658,1,left,08/09/2025 17:24:43,4/9,1/0/0,10,0,3,right up ,13,False True False False
659,1,left,08/09/2025 17:24:43,5/9,1/0/0,10,0,3,right up ,12,False True False False
660,1,left,08/09/2025 17:24:43,6/9,1/0/0,10,0,3,right up ,11,False True False False
661,1,left,08/09/2025 17:24:43,7/9,1/0/0,10,0,3,right up ,10,False True False False
662,1,left,08/09/2025 17:24:44,8/9,1/0/0,10,0,3,right up ,9,False True False False
663,1,up,08/09/2025 17:24:44,9/9,1/0/0,10,0,3,right up ,8,False True False False
664,1,up,08/09/2025 17:24:44,9/8,0/0/1,10,0,3,right up ,7,False False True False
665,1,up,08/09/2025 17:24:44,9/7,0/0/1,10,0,3,right up ,6,False False True False
666,1,up,08/09/2025 17:24:44,9/6,0/0/1,10,0,3,right up ,5,False False True False
667,1,right,08/09/2025 17:24:45,9/5,0/0/1,10,0,3,right null ,4,False False True False
668,1,right,08/09/2025 17:24:45,10/5,1/0/0,10,0,3,right null ,3,False True False False
669,1,right,08/09/2025 17:24:45,11/5,1/0/0,10,0,3,right null ,2,False True False False
670,1,right,08/09/2025 17:24:45,12/5,1/0/0,10,0,3,right null ,1,False True False False
671,1,right,08/09/2025 17:24:45,13/5,1/0/0,10,100,4,right down ,24,False True False False
672,1,right,08/09/2025 17:24:46,14/5,1/0/0,10,100,4,right down ,23,False True False False
673,1,right,08/09/2025 17:24:46,15/5,1/0/0,10,100,4,right down ,22,False True False False
674,1,right,08/09/2025 17:24:46,16/5,1/0/0,10,100,4,right down ,21,False True False False
675,1,right,08/09/2025 17:24:46,17/5,1/0/0,10,100,4,right down ,20,False True False False
676,1,right,08/09/2025 17:24:46,18/5,1/0/0,10,100,4,right down ,19,False True False False
677,1,right,08/09/2025 17:24:47,19/5,1/0/0,10,100,4,right down ,18,False True False False
678,1,right,08/09/2025 17:24:47,20/5,1/0/0,10,100,4,right down ,17,False True False False
679,1,right,08/09/2025 17:24:47,21/5,1/0/0,10,100,4,right down ,16,False True False False
680,1,right,08/09/2025 17:24:47,22/5,1/0/0,10,100,4,right down ,15,False True False False
681,1,right,08/09/2025 17:24:47,23/5,1/0/0,10,100,4,right down ,14,False True False False
682,1,right,08/09/2025 17:24:48,24/5,1/0/0,10,100,4,right down ,13,False True False False
683,1,right,08/09/2025 17:24:48,25/5,1/0/0,10,100,4,right down ,12,False True False False
684,1,right,08/09/2025 17:24:48,26/5,1/0/0,10,100,4,right down ,11,False True False False
685,1,right,08/09/2025 17:24:48,27/5,1/0/0,10,100,4,right down ,10,False True False False
686,1,down,08/09/2025 17:24:48,28/5,1/0/0,10,100,4,null down ,9,True True False False
687,1,down,08/09/2025 17:24:49,28/6,0/0/-1,10,100,4,null down ,8,True False False True
688,1,down,08/09/2025 17:24:49,28/7,0/0/-1,10,100,4,null down ,7,True False False True
689,1,down,08/09/2025 17:24:49,28/8,0/0/-1,10,100,4,null down ,6,True False False True
690,1,down,08/09/2025 17:24:49,28/9,0/0/-1,10,100,4,null down ,5,True False False True
691,1,down,08/09/2025 17:24:49,28/10,0/0/-1,10,100,4,null down ,4,True False False True
692,1,down,08/09/2025 17:24:50,28/11,0/0/-1,10,100,4,null down ,3,True False False True
693,1,down,08/09/2025 17:24:50,28/12,0/0/-1,10,100,4,null down ,2,True False False True
694,1,down,08/09/2025 17:24:50,28/13,0/0/-1,10,100,4,null down ,1,True False False True
695,1,left,08/09/2025 17:24:50,28/14,0/0/-1,10,200,5,left up ,22,True False False True
696,1,left,08/09/2025 17:24:50,27/14,-1/0/0,10,200,5,left up ,21,True False False False
697,1,left,08/09/2025 17:24:51,26/14,-1/0/0,10,200,5,left up ,20,True False False False
698,1,left,08/09/2025 17:24:51,25/14,-1/0/0,10,200,5,left up ,19,True False False False
699,1,left,08/09/2025 17:24:51,24/14,-1/0/0,10,200,5,left up ,18,True False False False
700,1,left,08/09/2025 17:24:51,23/14,-1/0/0,10,200,5,left up ,17,True False False False
701,1,left,08/09/2025 17:24:51,22/14,-1/0/0,10,200,5,left up ,16,True False False False
702,1,left,08/09/2025 17:24:52,21/14,-1/0/0,10,200,5,left up ,15,True False False False
703,1,left,08/09/2025 17:24:52,20/14,-1/0/0,10,200,5,left up ,14,True False False False
704,1,left,08/09/2025 17:24:52,19/14,-1/0/0,10,200,5,left up ,13,True False False False
705,1,left,08/09/2025 17:24:52,18/14,-1/0/0,10,200,5,left up ,12,True False False False
706,1,left,08/09/2025 17:24:52,17/14,-1/0/0,10,200,5,left up ,11,True False False False
707,1,left,08/09/2025 17:24:53,16/14,-1/0/0,10,200,5,left up ,10,True False False False
708,1,left,08/09/2025 17:24:53,15/14,-1/0/0,10,200,5,left up ,9,True False False False
709,1,left,08/09/2025 17:24:53,14/14,-1/0/0,10,200,5,left up ,8,True False False False
710,1,left,08/09/2025 17:24:53,13/14,-1/0/0,10,200,5,left up ,7,True False False False
711,1,left,08/09/2025 17:24:53,12/14,-1/0/0,10,200,5,left up ,6,True False False False
712,1,left,08/09/2025 17:24:54,11/14,-1/0/0,10,200,5,left up ,5,True False False False
713,1,left,08/09/2025 17:24:54,10/14,-1/0/0,10,200,5,left up ,4,True False False False
714,1,left,08/09/2025 17:24:54,9/14,-1/0/0,10,200,5,left up ,3,True False False False
715,1,up,08/09/2025 17:24:54,8/14,-1/0/0,10,200,5,null up ,2,True False False False
716,1,up,08/09/2025 17:24:54,8/13,0/0/1,10,200,5,null up ,1,False False True False
717,1,up,08/09/2025 17:24:55,8/12,0/0/1,10,300,6,right up ,17,False False True False
718,1,up,08/09/2025 17:24:55,8/11,0/0/1,10,300,6,right up ,16,False False True False
719,1,right,08/09/2025 17:24:55,8/10,0/0/1,10,300,6,right null ,15,False False True False
720,1,right,08/09/2025 17:24:55,9/10,1/0/0,10,300,6,right null ,14,False True False False
721,1,right,08/09/2025 17:24:55,10/10,1/0/0,10,300,6,right null ,13,False True False False
722,1,right,08/09/2025 17:24:56,11/10,1/0/0,10,300,6,right null ,12,False True False False
723,1,right,08/09/2025 17:24:56,12/10,1/0/0,10,300,6,right null ,11,False True False False
724,1,right,08/09/2025 17:24:56,13/10,1/0/0,10,300,6,right null ,10,False True False False
725,1,right,08/09/2025 17:24:56,14/10,1/0/0,10,300,6,right null ,9,False True False False
726,1,right,08/09/2025 17:24:56,15/10,1/0/0,10,300,6,right null ,8,False True False False
727,1,right,08/09/2025 17:24:57,16/10,1/0/0,10,300,6,right null ,7,False True False True
728,1,right,08/09/2025 17:24:57,17/10,1/0/0,10,300,6,right null ,6,False True False False
729,1,right,08/09/2025 17:24:57,18/10,1/0/0,10,300,6,right null ,5,False True False False
730,1,right,08/09/2025 17:24:57,19/10,1/0/0,10,300,6,right null ,4,False True False False
731,1,right,08/09/2025 17:24:57,20/10,1/0/0,10,300,6,right null ,3,False True False False
732,1,right,08/09/2025 17:24:58,21/10,1/0/0,10,300,6,right null ,2,False True False False
733,1,right,08/09/2025 17:24:58,22/10,1/0/0,10,300,6,right null ,1,False True False False
734,1,up,08/09/2025 17:24:58,23/10,1/0/0,10,400,7,right down ,10,False True False False
735,1,up,08/09/2025 17:24:58,23/9,0/0/1,10,400,7,right down ,11,False False True False
736,1,up,08/09/2025 17:24:58,23/8,0/0/1,10,400,7,right down ,12,False False True False
737,1,up,08/09/2025 17:24:59,23/7,0/0/1,10,400,7,right down ,13,False False True False
738,1,up,08/09/2025 17:24:59,23/6,0/0/1,10,400,7,right down ,14,False False True False
739,1,right,08/09/2025 17:24:59,23/5,0/0/1,10,400,7,right down ,15,False False True False
740,1,right,08/09/2025 17:24:59,24/5,1/0/0,10,400,7,right down ,14,False True False False
741,1,right,08/09/2025 17:24:59,25/5,1/0/0,10,400,7,right down ,13,False True False False
742,1,right,08/09/2025 17:25:00,26/5,1/0/0,10,400,7,right down ,12,False True False False
743,1,down,08/09/2025 17:25:00,27/5,1/0/0,10,400,7,null down ,11,False True False False
744,1,down,08/09/2025 17:25:00,27/6,0/0/-1,10,400,7,null down ,10,False False False True
745,1,down,08/09/2025 17:25:00,27/7,0/0/-1,10,400,7,null down ,9,False False False True
746,1,down,08/09/2025 17:25:00,27/8,0/0/-1,10,400,7,null down ,8,False False False True
747,1,down,08/09/2025 17:25:01,27/9,0/0/-1,10,400,7,null down ,7,False False False True
748,1,down,08/09/2025 17:25:01,27/10,0/0/-1,10,400,7,null down ,6,False False False True
749,1,down,08/09/2025 17:25:01,27/11,0/0/-1,10,400,7,null down ,5,False False False True
750,1,down,08/09/2025 17:25:01,27/12,0/0/-1,10,400,7,null down ,4,False False False True
751,1,down,08/09/2025 17:25:01,27/13,0/0/-1,10,400,7,null down ,3,False False False True
752,1,down,08/09/2025 17:25:02,27/14,0/0/-1,10,400,7,null down ,2,False False False True
753,1,down,08/09/2025 17:25:02,27/15,0/0/-1,10,400,7,null down ,1,False False False True
754,1,left,08/09/2025 17:25:02,27/16,0/0/-1,10,500,8,left up ,21,False False False True
755,1,left,08/09/2025 17:25:02,26/16,-1/0/0,10,500,8,left up ,20,True False False False
756,1,left,08/09/2025 17:25:02,25/16,-1/0/0,10,500,8,left up ,19,True False False False
757,1,left,08/09/2025 17:25:03,24/16,-1/0/0,10,500,8,left up ,18,True False False False
758,1,left,08/09/2025 17:25:03,23/16,-1/0/0,10,500,8,left up ,17,True False False False
759,1,left,08/09/2025 17:25:03,22/16,-1/0/0,10,500,8,left up ,16,True False False False
760,1,left,08/09/2025 17:25:03,21/16,-1/0/0,10,500,8,left up ,15,True False False False
761,1,left,08/09/2025 17:25:03,20/16,-1/0/0,10,500,8,left up ,14,True False False False
762,1,left,08/09/2025 17:25:04,19/16,-1/0/0,10,500,8,left up ,13,True False False False
763,1,left,08/09/2025 17:25:04,18/16,-1/0/0,10,500,8,left up ,12,True False False False
764,1,left,08/09/2025 17:25:04,17/16,-1/0/0,10,500,8,left up ,11,True False False False
765,1,left,08/09/2025 17:25:04,16/16,-1/0/0,10,500,8,left up ,10,True False False False
766,1,left,08/09/2025 17:25:04,15/16,-1/0/0,10,500,8,left up ,9,True False False False
767,1,left,08/09/2025 17:25:05,14/16,-1/0/0,10,500,8,left up ,8,True False False False
768,1,left,08/09/2025 17:25:05,13/16,-1/0/0,10,500,8,left up ,7,True False False False
769,1,left,08/09/2025 17:25:05,12/16,-1/0/0,10,500,8,left up ,6,True False False False
770,1,left,08/09/2025 17:25:05,11/16,-1/0/0,10,500,8,left up ,5,True False False False
771,1,left,08/09/2025 17:25:05,10/16,-1/0/0,10,500,8,left up ,4,True False False False
772,1,left,08/09/2025 17:25:06,9/16,-1/0/0,10,500,8,left up ,3,True False False False
773,1,up,08/09/2025 17:25:06,8/16,-1/0/0,10,500,8,null up ,2,True False False False
774,1,up,08/09/2025 17:25:06,8/15,0/0/1,10,500,8,null up ,1,False False True False
775,1,up,08/09/2025 17:25:06,8/14,0/0/1,10,600,9,right up ,13,False False True False
776,1,up,08/09/2025 17:25:06,8/13,0/0/1,10,600,9,right up ,12,False False True False
777,1,up,08/09/2025 17:25:07,8/12,0/0/1,10,600,9,right up ,11,False False True False
778,1,up,08/09/2025 17:25:07,8/11,0/0/1,10,600,9,right up ,10,False False True False
779,1,up,08/09/2025 17:25:07,8/10,0/0/1,10,600,9,right up ,9,False False True False
780,1,up,08/09/2025 17:25:07,8/9,0/0/1,10,600,9,right up ,8,False False True False
781,1,up,08/09/2025 17:25:07,8/8,0/0/1,10,600,9,right up ,7,False False True False
782,1,up,08/09/2025 17:25:08,8/7,0/0/1,10,600,9,right up ,6,False False True False
783,1,right,08/09/2025 17:25:08,8/6,0/0/1,10,600,9,right null ,5,False False True False
784,1,right,08/09/2025 17:25:08,9/6,1/0/0,10,600,9,right null ,4,False True False False
785,1,right,08/09/2025 17:25:08,10/6,1/0/0,10,600,9,right null ,3,False True False False
786,1,right,08/09/2025 17:25:08,11/6,1/0/0,10,600,9,right null ,2,False True False False
787,1,right,08/09/2025 17:25:09,12/6,1/0/0,10,600,9,right null ,1,False True False False
788,1,right,08/09/2025 17:25:09,13/6,1/0/0,10,700,10,left up ,9,False True False False
789,1,right,08/09/2025 17:25:09,14/6,1/0/0,10,700,10,left up ,10,False True False False
790,1,right,08/09/2025 17:25:09,15/6,1/0/0,10,700,10,left up ,11,False True False False
791,1,right,08/09/2025 17:25:09,16/6,1/0/0,10,700,10,left up ,12,False True False False
792,1,right,08/09/2025 17:25:10,17/6,1/0/0,10,700,10,left up ,13,False True False False
793,1,right,08/09/2025 17:25:10,18/6,1/0/0,10,700,10,left up ,14,False True False False
794,1,right,08/09/2025 17:25:10,19/6,1/0/0,10,700,10,left up ,15,False True False False
795,1,right,08/09/2025 17:25:10,20/6,1/0/0,10,700,10,left up ,16,False True False False
796,1,down,08/09/2025 17:25:10,21/6,1/0/0,10,700,10,left up ,17,False True False False
797,1,down,08/09/2025 17:25:11,21/7,0/0/-1,10,700,10,left up ,18,False False False True
798,1,left,08/09/2025 17:25:11,21/8,0/0/-1,10,700,10,left up ,19,False False False True
799,1,left,08/09/2025 17:25:11,20/8,-1/0/0,10,700,10,left up ,18,True False False False
800,1,left,08/09/2025 17:25:11,19/8,-1/0/0,10,700,10,left up ,17,True False False False
801,1,left,08/09/2025 17:25:11,18/8,-1/0/0,10,700,10,left up ,16,True False False False
802,1,left,08/09/2025 17:25:12,17/8,-1/0/0,10,700,10,left up ,15,True False False False
803,1,left,08/09/2025 17:25:12,16/8,-1/0/0,10,700,10,left up ,14,True False False False
804,1,left,08/09/2025 17:25:12,15/8,-1/0/0,10,700,10,left up ,13,True False False False
805,1,left,08/09/2025 17:25:12,14/8,-1/0/0,10,700,10,left up ,12,True False False False
806,1,left,08/09/2025 17:25:12,13/8,-1/0/0,10,700,10,left down ,13,True False False False
807,1,left,08/09/2025 17:25:13,12/8,-1/0/0,10,700,10,left down ,12,True False False False
808,1,left,08/09/2025 17:25:13,11/8,-1/0/0,10,700,10,left down ,11,True False False False
809,1,left,08/09/2025 17:25:13,10/8,-1/0/0,10,700,10,left down ,10,True False False False
810,1,left,08/09/2025 17:25:13,9/8,-1/0/0,10,700,10,left down ,9,True False False False
811,1,down,08/09/2025 17:25:13,8/8,-1/0/0,10,700,10,left down ,8,True False False False
812,1,down,08/09/2025 17:25:14,8/9,0/0/-1,10,700,10,left down ,7,False False False True
813,1,down,08/09/2025 17:25:14,8/10,0/0/-1,10,700,10,left down ,6,False False False True
814,1,down,08/09/2025 17:25:14,8/11,0/0/-1,10,700,10,left down ,5,False False False True
815,1,down,08/09/2025 17:25:14,8/12,0/0/-1,10,700,10,left down ,4,False False False True
816,1,down,08/09/2025 17:25:14,8/13,0/0/-1,10,700,10,left null ,3,False False False True
817,1,down,08/09/2025 17:25:15,8/14,0/0/-1,10,700,10,left up ,4,False False False True
818,1,down,08/09/2025 17:25:15,8/15,0/0/-1,10,700,10,left up ,5,False False False True
819,1,down,08/09/2025 17:25:15,8/16,0/0/-1,10,700,10,left up ,6,False False False True
820,1,left,08/09/2025 17:25:45,0/0,1/0/0,10,0,3,right down ,30,False True False True
821,1,left,08/09/2025 17:25:45,4/9,1/0/0,10,0,3,right up ,29,False True False False
822,1,left,08/09/2025 17:25:45,5/9,1/0/0,10,0,3,right up ,28,False True False False
823,1,up,08/09/2025 17:25:45,6/9,1/0/0,10,0,3,right up ,27,False True False False
824,1,up,08/09/2025 17:25:46,6/8,0/0/1,10,0,3,right up ,26,False False True False
825,1,up,08/09/2025 17:25:46,6/7,0/0/1,10,0,3,right up ,25,False False True False
826,1,up,08/09/2025 17:25:46,6/6,0/0/1,10,0,3,right up ,24,False False True False
827,1,up,08/09/2025 17:25:46,6/5,0/0/1,10,0,3,right up ,23,False False True False
828,1,up,08/09/2025 17:25:46,6/4,0/0/1,10,0,3,right up ,22,False False True False
829,1,right,08/09/2025 17:25:47,6/3,0/0/1,10,0,3,right null ,21,False False True False
830,1,right,08/09/2025 17:25:47,7/3,1/0/0,10,0,3,right null ,20,False True False False
831,1,right,08/09/2025 17:25:47,8/3,1/0/0,10,0,3,right null ,19,False True False False
832,1,right,08/09/2025 17:25:47,9/3,1/0/0,10,0,3,right null ,18,False True False False
833,1,right,08/09/2025 17:25:47,10/3,1/0/0,10,0,3,right null ,17,False True False False
834,1,right,08/09/2025 17:25:48,11/3,1/0/0,10,0,3,right null ,16,False True False False
835,1,right,08/09/2025 17:25:48,12/3,1/0/0,10,0,3,right null ,15,False True False False
836,1,right,08/09/2025 17:25:48,13/3,1/0/0,10,0,3,right null ,14,False True False False
837,1,right,08/09/2025 17:25:48,14/3,1/0/0,10,0,3,right null ,13,False True False False
838,1,right,08/09/2025 17:25:48,15/3,1/0/0,10,0,3,right null ,12,False True False False
839,1,right,08/09/2025 17:25:49,16/3,1/0/0,10,0,3,right null ,11,False True False False
840,1,right,08/09/2025 17:25:49,17/3,1/0/0,10,0,3,right null ,10,False True False False
841,1,right,08/09/2025 17:25:49,18/3,1/0/0,10,0,3,right null ,9,False True False False
842,1,right,08/09/2025 17:25:49,19/3,1/0/0,10,0,3,right null ,8,False True False False
843,1,right,08/09/2025 17:25:49,20/3,1/0/0,10,0,3,right null ,7,False True False False
844,1,right,08/09/2025 17:25:50,21/3,1/0/0,10,0,3,right null ,6,False True False False
845,1,right,08/09/2025 17:25:50,22/3,1/0/0,10,0,3,right null ,5,False True False False
846,1,right,08/09/2025 17:25:50,23/3,1/0/0,10,0,3,right null ,4,False True False False
847,1,right,08/09/2025 17:25:50,24/3,1/0/0,10,0,3,right null ,3,False True False False
848,1,right,08/09/2025 17:25:50,25/3,1/0/0,10,0,3,right null ,2,False True False False
849,1,right,08/09/2025 17:25:51,26/3,1/0/0,10,0,3,right null ,1,False True False False
850,1,down,08/09/2025 17:25:51,27/3,1/0/0,10,100,4,left down ,25,False True False False
851,1,left,08/09/2025 17:25:51,27/4,0/0/-1,10,100,4,left down ,24,False False False True
852,1,left,08/09/2025 17:25:51,26/4,-1/0/0,10,100,4,left down ,23,True False False True
853,1,left,08/09/2025 17:25:51,25/4,-1/0/0,10,100,4,left down ,22,True False False False
854,1,left,08/09/2025 17:25:52,24/4,-1/0/0,10,100,4,left down ,21,True False False False
855,1,left,08/09/2025 17:25:52,23/4,-1/0/0,10,100,4,left down ,20,True False False False
856,1,left,08/09/2025 17:25:52,22/4,-1/0/0,10,100,4,left down ,19,True False False False
857,1,left,08/09/2025 17:25:52,21/4,-1/0/0,10,100,4,left down ,18,True False False False
858,1,left,08/09/2025 17:25:52,20/4,-1/0/0,10,100,4,left down ,17,True False False False
859,1,left,08/09/2025 17:25:53,19/4,-1/0/0,10,100,4,left down ,16,True False False False
860,1,left,08/09/2025 17:25:53,18/4,-1/0/0,10,100,4,left down ,15,True False False False
861,1,left,08/09/2025 17:25:53,17/4,-1/0/0,10,100,4,left down ,14,True False False False
862,1,left,08/09/2025 17:25:53,16/4,-1/0/0,10,100,4,null down ,13,True False False False
863,1,left,08/09/2025 17:25:53,15/4,-1/0/0,10,100,4,right down ,14,True False False False
864,1,left,08/09/2025 17:25:54,14/4,-1/0/0,10,100,4,right down ,14,True False False False
865,1,left,08/09/2025 17:25:54,13/4,-1/0/0,10,100,4,right down ,15,True False False False
866,1,left,08/09/2025 17:25:54,12/4,-1/0/0,10,100,4,right down ,16,True False False False
867,1,down,08/09/2025 17:25:54,11/4,-1/0/0,10,100,4,right down ,17,True False False False
868,1,right,08/09/2025 17:25:54,11/5,0/0/-1,10,100,4,right down ,16,False False False True
869,1,right,08/09/2025 17:25:55,12/5,1/0/0,10,100,4,right down ,15,False True False True
870,1,right,08/09/2025 17:25:55,13/5,1/0/0,10,100,4,right down ,14,False True False False
871,1,right,08/09/2025 17:25:55,14/5,1/0/0,10,100,4,right down ,13,False True False False
872,1,right,08/09/2025 17:25:55,15/5,1/0/0,10,100,4,right down ,12,False True False False
873,1,right,08/09/2025 17:25:55,16/5,1/0/0,10,100,4,right down ,11,False True False False
874,1,right,08/09/2025 17:25:56,17/5,1/0/0,10,100,4,right down ,10,False True False False
875,1,right,08/09/2025 17:25:56,18/5,1/0/0,10,100,4,right down ,9,False True False False
876,1,right,08/09/2025 17:25:56,19/5,1/0/0,10,100,4,right down ,8,False True False False
877,1,right,08/09/2025 17:25:56,20/5,1/0/0,10,100,4,right down ,7,False True False False
878,1,right,08/09/2025 17:25:56,21/5,1/0/0,10,100,4,right down ,6,False True False False
879,1,right,08/09/2025 17:25:57,22/5,1/0/0,10,100,4,right down ,5,False True False False
880,1,right,08/09/2025 17:25:57,23/5,1/0/0,10,100,4,right down ,4,False True False False
881,1,right,08/09/2025 17:25:57,24/5,1/0/0,10,100,4,right down ,3,False True False False
882,1,down,08/09/2025 17:25:57,25/5,1/0/0,10,100,4,null down ,2,False True False False
883,1,down,08/09/2025 17:25:57,25/6,0/0/-1,10,100,4,null down ,1,False False False True
884,1,left,08/09/2025 17:25:58,25/7,0/0/-1,10,200,5,left down ,24,False False False True
885,1,left,08/09/2025 17:25:58,24/7,-1/0/0,10,200,5,left down ,23,True False False False
886,1,left,08/09/2025 17:25:58,23/7,-1/0/0,10,200,5,left down ,22,True False False False
887,1,left,08/09/2025 17:25:58,22/7,-1/0/0,10,200,5,left down ,21,True False False False
888,1,left,08/09/2025 17:25:58,21/7,-1/0/0,10,200,5,left down ,20,True False False False
889,1,left,08/09/2025 17:25:59,20/7,-1/0/0,10,200,5,left down ,19,True False False False
890,1,left,08/09/2025 17:25:59,19/7,-1/0/0,10,200,5,left down ,18,True False False False
891,1,left,08/09/2025 17:25:59,18/7,-1/0/0,10,200,5,left down ,17,True False False False
892,1,left,08/09/2025 17:25:59,17/7,-1/0/0,10,200,5,left down ,16,True False False False
893,1,left,08/09/2025 17:25:59,16/7,-1/0/0,10,200,5,left down ,15,True False False False
894,1,left,08/09/2025 17:26:00,15/7,-1/0/0,10,200,5,left down ,14,True False False False
895,1,left,08/09/2025 17:26:00,14/7,-1/0/0,10,200,5,left down ,13,True False False False
896,1,left,08/09/2025 17:26:00,13/7,-1/0/0,10,200,5,left down ,12,True False False False
897,1,left,08/09/2025 17:26:00,12/7,-1/0/0,10,200,5,left down ,11,True False False False
898,1,left,08/09/2025 17:26:00,11/7,-1/0/0,10,200,5,left down ,10,True False False False
899,1,left,08/09/2025 17:26:01,10/7,-1/0/0,10,200,5,left down ,9,True False False False
900,1,left,08/09/2025 17:26:01,9/7,-1/0/0,10,200,5,left down ,8,True False False False
901,1,left,08/09/2025 17:26:01,8/7,-1/0/0,10,200,5,left down ,7,True False False False
902,1,left,08/09/2025 17:26:01,7/7,-1/0/0,10,200,5,left down ,6,True False False False
903,1,left,08/09/2025 17:26:01,6/7,-1/0/0,10,200,5,left down ,5,True False False False
904,1,left,08/09/2025 17:26:02,5/7,-1/0/0,10,200,5,left down ,4,True False False False
905,1,left,08/09/2025 17:26:02,4/7,-1/0/0,10,200,5,left down ,3,True False False False
906,1,down,08/09/2025 17:26:02,3/7,-1/0/0,10,200,5,null down ,2,True False False False
907,1,down,08/09/2025 17:26:02,3/8,0/0/-1,10,200,5,null down ,1,False False False True
908,1,down,08/09/2025 17:26:02,3/9,0/0/-1,10,300,6,right up ,6,False False False True
909,1,down,08/09/2025 17:26:03,3/10,0/0/-1,10,300,6,right up ,7,False False False True
910,1,down,08/09/2025 17:26:03,3/11,0/0/-1,10,300,6,right up ,8,False False False True
911,1,right,08/09/2025 17:26:03,3/12,0/0/-1,10,300,6,right up ,9,False False False True
912,1,right,08/09/2025 17:26:03,4/12,1/0/0,10,300,6,null up ,8,False True False False
913,1,right,08/09/2025 17:26:03,5/12,1/0/0,10,300,6,left up ,9,False True False False
914,1,right,08/09/2025 17:26:04,6/12,1/0/0,10,300,6,left up ,10,False True False False
915,1,right,08/09/2025 17:26:04,7/12,1/0/0,10,300,6,left up ,11,False True False False
916,1,right,08/09/2025 17:26:04,8/12,1/0/0,10,300,6,left up ,12,False True False False
917,1,right,08/09/2025 17:26:04,9/12,1/0/0,10,300,6,left up ,13,False True False False
918,1,right,08/09/2025 17:26:04,10/12,1/0/0,10,300,6,left up ,14,False True False False
919,1,right,08/09/2025 17:26:05,11/12,1/0/0,10,300,6,right null ,8,False True False False
920,1,right,08/09/2025 17:26:05,12/12,1/0/0,10,300,6,right null ,7,False True False False
921,1,right,08/09/2025 17:26:05,13/12,1/0/0,10,300,6,right null ,6,False True False False
922,1,right,08/09/2025 17:26:05,14/12,1/0/0,10,300,6,right null ,5,False True False False
923,1,right,08/09/2025 17:26:05,15/12,1/0/0,10,300,6,right null ,4,False True False False
924,1,right,08/09/2025 17:26:06,16/12,1/0/0,10,300,6,right null ,3,False True False False
925,1,right,08/09/2025 17:26:06,17/12,1/0/0,10,300,6,right null ,2,False True False False
926,1,right,08/09/2025 17:26:06,18/12,1/0/0,10,300,6,right null ,1,False True False False
927,1,right,08/09/2025 17:26:06,19/12,1/0/0,10,400,7,right down ,9,False True False False
928,1,right,08/09/2025 17:26:06,20/12,1/0/0,10,400,7,right down ,8,False True False False
929,1,right,08/09/2025 17:26:07,21/12,1/0/0,10,400,7,right down ,7,False True False False
930,1,right,08/09/2025 17:26:07,22/12,1/0/0,10,400,7,right down ,6,False True False False
931,1,right,08/09/2025 17:26:07,23/12,1/0/0,10,400,7,right down ,5,False True False False
932,1,right,08/09/2025 17:26:07,24/12,1/0/0,10,400,7,right down ,4,False True False False
933,1,down,08/09/2025 17:26:07,25/12,1/0/0,10,400,7,null down ,3,False True False False
934,1,down,08/09/2025 17:26:08,25/13,0/0/-1,10,400,7,null down ,2,False False False True
935,1,down,08/09/2025 17:26:08,25/14,0/0/-1,10,400,7,null down ,1,False False False True
936,1,left,08/09/2025 17:26:08,25/15,0/0/-1,10,500,8,left up ,23,False False False True
937,1,left,08/09/2025 17:26:08,24/15,-1/0/0,10,500,8,left up ,22,True False False False
938,1,left,08/09/2025 17:26:08,23/15,-1/0/0,10,500,8,left up ,21,True False False False
939,1,left,08/09/2025 17:26:09,22/15,-1/0/0,10,500,8,left up ,20,True False False False
940,1,left,08/09/2025 17:26:09,21/15,-1/0/0,10,500,8,left up ,19,True False False False
941,1,left,08/09/2025 17:26:09,20/15,-1/0/0,10,500,8,left up ,18,True False False False
942,1,left,08/09/2025 17:26:09,19/15,-1/0/0,10,500,8,left up ,17,True False False False
943,1,left,08/09/2025 17:26:09,18/15,-1/0/0,10,500,8,left up ,16,True False False False
944,1,up,08/09/2025 17:26:10,17/15,-1/0/0,10,500,8,left up ,15,True False False False
945,1,up,08/09/2025 17:26:10,17/14,0/0/1,10,500,8,left up ,14,False False True False
946,1,up,08/09/2025 17:26:10,17/13,0/0/1,10,500,8,left up ,13,False False True False
947,1,up,08/09/2025 17:26:10,17/12,0/0/1,10,500,8,left up ,12,False False True False
948,1,left,08/09/2025 17:26:10,17/11,0/0/1,10,500,8,left up ,11,False False True False
949,1,left,08/09/2025 17:26:11,16/11,-1/0/0,10,500,8,left up ,10,True False False False
950,1,up,08/09/2025 17:26:11,15/11,-1/0/0,10,500,8,null up ,9,True False False False
951,1,up,08/09/2025 17:26:11,15/10,0/0/1,10,500,8,null up ,8,False False True False
